MPA103_1	MPA103_2	NPA148_1	NPA148_2	MPA198_1	MPA198_2	NPA200_1	NPA200_2	MPA234_1	MPA234_2	NPA237_1	NPA237_2	MPA295_1	MPA295_2	NPA247_1	NPA247_2	MPA314_1	MPA314_2	NPA267_1	NPA267_2	MPA900_1	MPA900_2	NPA900_1	NPA900_2	MFL103_1	MFL103_2	NFL148_1	NFL148_2	MFL198_1	MFL198_2	NFL200_1	NFL200_2	MFL234_1	MFL234_2	NFL237_1	NFL237_2	MFL295_1	MFL295_2	NFL247_1	NFL247_2	MFL314_1	MFL314_2	NFL267_1	NFL267_2	MFL900_1	MFL900_2	NFL900_1	NFL900_2
4.06058727913133	3.7849424739442417	1.9668621544455311	2.1787009463904767	4.141607652983411	4.61688859896729	1.8046057165207432	1.4794818035948352	4.823892896118488	5.016742945894275	1.7848635482867472	2.4443682027298292	3.140588980907627	4.6400000679795985	2.5029501016331865	3.0493668005834977	3.9074898138508614	4.621482394382828	3.186504903214963	1.8131010014565843	3.642365226244749	3.554623532110475	1.762616479612992	1.6412695779206636	2.9390492003031485	2.3884041682402635	1.4725706906562175	2.4821546024359473	2.9382695933642493	2.7573127120134524	1.4255421967284998	1.6720237141243337	2.3677453327623152	2.858103749764318	1.5168210404038367	1.5743756477183635	3.3271006427221534	2.494883684723759	1.7034113809942784	1.1385077385404216	2.6917259249946333	1.6490449665322857	2.3670498080280202	2.095798057370595	2.4564950709013176	2.6568200196715845	1.8555048513392536	1.9447604962172245
0	0	3.272112515313741	3.473304282336226	0	0	2.208735665419811	1.2217024219898056	0.9119986928233967	0	2.030081293421191	1.9857069933405411	0	1.3306443343734276	3.660875336468039	3.219222106731746	1.8398670568460136	0	4.083714861168931	3.6977597875760946	0	0	3.852848416195121	3.4134965287621943	0	0	0	0.8758423432611474	0	0	0.7077122539019827	0.1258442004601829	0	0	0.3939697644428737	0.3738943966030125	0	0	0.24587619134292663	0	0	0	1.0112910053584483	1.9733705618729982	0.24093187620762466	0	0.5124902551022337	1.1979135002747991
0	0	0	0	1.3485768418629194	0	0	0	1.9002153710380916	2.866557341397866	2.6544819591628954	2.522015978930448	3.0383015740770007	2.8299371952682897	2.6334000125510477	1.9811704200900073	3.219482631297655	2.911686651804937	3.0077636268289667	3.4717670085389516	0	0	2.6398532326436013	2.5710181627448416	0	0	0	0	0	0.7478883505247186	0	0	1.3012593300844666	0	1.4194129748731636	1.823607787049732	1.3955255936071316	0.6534564112645292	2.7664737344144905	2.028047153736842	0.7888566316031531	1.3317522431556197	1.467836648928571	2.694626573267973	0	0	0.8234033416001287	0
0	0	3.425320841811231	2.8952378491659263	0.548212516440784	0	2.6247781844781337	2.012081898838845	0	0	2.77508377536785	2.208161531459688	0	0	3.9164910852654153	3.3583277671394858	0.4990768058932387	0	4.2332808536309106	3.7294727844515765	0	0.19239741198151897	3.960897524886268	2.3924471148199684	0	0	0.42858952037497067	1.1604745809515604	0.4902940667881315	0	0.5623495070668902	0.23287953246058837	0	0	0.09022222140940106	0.7101530277093534	0	0	0.5195745778689436	0.6424276466716932	0	0	1.222066600280749	1.8797708836721978	0	0	0.5978152108433481	1.3783533436527817
2.237570078466408	1.6114060327856272	0	0	3.6572783297116436	3.461305331997568	0	0	3.36335969902238	3.234086489502832	0.17565365764667196	0	2.802639688787006	3.2818558559802966	0.6999576148305418	1.6266473258436502	2.132615134627765	0.45003730247405477	1.83122550785751	1.5972782905924758	0.4255758484418559	0	2.0631026291646104	2.508069319537716	1.2774591552113903	0.6961189490209381	0	0	1.9154777816313595	1.572457789976603	0	0	0	1.6962152823085028	0.5442373785055072	0.17281961198172946	0.8431542530231317	0.47180113442733884	1.4598998455758363	1.1647397870833702	0.17920934901841684	0.2052306712585574	2.104789265952544	1.6255707801630062	0	0	2.4376190361838272	2.2106032841971155
2.707224542622325	1.726226260696868	0	0	3.6185727950476774	4.000564019612733	0	0	2.7815934910216362	2.9435651769310436	0	0	2.949123217521101	3.377772254951186	1.0420600745042405	1.2430355252040166	1.3842418119539766	0	1.567681501151446	1.2576424922363323	0	0	2.5057658863878896	2.0977551791380704	0.9017097529220247	0.7948264051172809	0	0	2.667730560073993	1.935153320378979	0	0	0.5828576786147549	1.162735486725193	0.5036152587320295	0.2938017068989463	0.4694220682216467	0.7378321268087096	0.8152743137543111	0.8706590237607367	0	0.48156472242109755	2.2717103228349544	1.3142773005352435	0	0	2.1907839747707873	2.082468006764906
0	0	0	0	0	0	0	0	0	3.458183489274134	0	1.308023338319146	3.7517928506211895	0	2.9392834816290767	2.8013215091259336	4.975707924625272	3.437652961129685	3.7055636835361807	3.09323693477707	0	0	2.5938579946794573	2.25535704226739	0	0	0	0	0	0	0	0	1.7853617101354988	1.402226786569401	0	0.5388000542704109	0	1.7161676032751327	2.1861493075108642	1.3616559591403194	1.824467618584216	2.170107731023188	0	0.965408845948881	0	0	1.21547848540464	1.114805081645222
0	0	3.072455345497228	2.976362962085469	0	0	3.0876345804263097	2.1675524859865236	0	0	2.6411528955819263	0.8982409613612136	0	0.8456415328073572	3.064655349931397	2.3060584447541794	0	0	4.075730502847653	3.296198029380352	0	0	3.621286080891796	1.3552307137077408	0.15272833511607975	0	0	1.1010519912300234	0	0	0.3238140143045044	0.12053958078138066	0	0	0.26811796640584706	0.25365911362065874	0	0	0.23607554174152043	0.17868696611034282	0	0	1.1366973517462666	2.0029467077010916	0	0	0.19323168809152796	1.5824729515704792
0	0	0	0	0	0.6884523385805306	0	0	2.6691804644933503	2.1099413506402525	0.571294702296193	0.4525617130349291	2.5671898332732916	2.4077162376872647	2.6966508590658544	2.5669684738411056	3.5784107261586175	3.521728927164657	2.949088798964671	2.679436666846123	0	0	2.0905365865115213	1.6678142325786673	0	0	0	0	0	0	0	0	0.5314963356103068	0.5006665354533769	0.626328304245598	0.07297355150995144	0.4260307758116647	0.3387588419174569	1.7607978595723544	1.0728167570051883	0.7799643429090429	1.006819224406478	1.9769694729647238	1.9985847925265425	0	0	0.6961430942830183	0.4570174223647503
0	0	0	0	1.1450783850426012	1.3447029290129802	0.24436287894522157	0	2.895457705664768	1.903313276228124	1.5109094858041412	2.473087576925763	3.447789347408087	4.0587354092119705	2.625692360798089	2.085038533302042	3.675279483379345	3.392490143588193	1.0321495300972323	0.2361137390366092	0	0	0	0	0	0	0	0	0	0	0	0	0	0	0	0	0	0	0	0.10452139436847793	0	0	0	0	0	0	0	0
0	0	3.059798211735359	3.0380865308453515	0	0	1.6236328917432745	0.8667286672827081	0	0	2.0687793110118617	1.5408926864092725	0	0	3.3404940226647644	3.284542485029149	0	0	3.9027278635956275	3.2126087535075936	0	0.381511959620939	3.3690658586656794	1.582908647218326	0	0	1.368357060228261	0	0.3796863021835699	0	0.31279387133457953	0	0	0	0	0.3955913214511917	0	0	0.6392297697548779	0.400937426715344	0	0	2.070261905877573	1.5826361151752493	0	0	0.7298504963156318	1.6140762327883293
2.3557428802526776	1.8569809878779018	0	0	3.4567328990720143	3.311745567144312	0	0	2.461163514319603	2.936593143653088	0	0	2.859921846626658	2.8596510589228314	0.44250256486266437	0	2.354065726334718	0	1.4937367253045557	1.1910205605958375	0	0	0.7313320225217501	2.2367099592880306	0.7254155315501095	0.6526390195325016	0	0	1.91208627415567	1.9445620538223185	0	0	0.5422671120619447	0.9810376930685559	0.1811356949254436	0.270608673004336	0.9690195384324033	0.285957982048277	1.423696882220842	1.0630417530725564	0	0	1.5253488533240909	2.0442122826327918	0	0	1.8727656906249472	1.5509795584234367
0	0	4.466236010458695	3.9979876753851498	0	0	2.120212158125886	1.48788113759955	0	0	0.34303538063313305	2.059091681818795	1.659915649784372	0	3.052198184928345	0	0	0	3.7715239324413616	2.8215739921912313	0	0	2.3759089325294807	1.7592705590814153	0	0	1.4809529170238627	2.4687185717828224	0	0	0	0	0	0	0.4146203916540291	0	0.8798056781289092	0	0	0.5973249940759346	0	0	0	1.6331349522222138	0	0	1.02275639676655	0.570524107022448
1.7930704304421698	1.5644873933103858	0	0	2.7665650728384072	2.864119865457465	0	0	3.009572092116697	2.411029892837727	0	0	2.351243374069039	2.5942049008140122	0.45994663997341523	1.2102919988321332	1.438266514797768	0.6842787044023932	0.8581857577778499	1.436085919106898	0	0	1.8952859019537431	1.4843547728405926	1.2572007420149307	0.7696865978054392	0	0.14073569925477944	1.9196071868520568	1.8717573363348123	0	0	0.9205455762985766	1.54190160761682	0.18925607333119768	0.07836178200093996	0.45231468269778974	0.16013034918673302	0.9759893936250141	0.6035027782530606	0.1566723081108812	0.17970630074027175	2.0035560380539845	1.9238600672960517	0	0	1.9654776264417173	1.6507493626063103
0	0	0	0	0	0	0	0	1.090616327930518	1.625255224489027	1.9561982117855117	2.4920657224099783	1.050381984575938	1.8420039379341353	2.5323410527022685	1.9676858212775148	2.587523238042226	2.4995333265377018	2.221155040190183	2.1415960804103173	0	0	1.573875223539776	2.0075928253494317	0.15862674150772216	0	0	0	0.133772298083935	0.17670521157788566	0	0	0.29892075749645275	0.561371933634534	0.7669745338994726	0.7433193600366967	0.6309446533931149	0.3557295288760702	1.920624511594711	1.1603482478849934	0.606776782596444	0.7933311278592043	1.089493426315132	2.298769733815068	0	0	0.6927982493372572	0.6967022165402335
0	0	0	0	0	0	0	0	0	1.7843410575987475	0.42321921598497947	1.0840636163718484	1.8692283397934106	1.7521017679037203	2.8463012759642354	2.3364336167663344	3.2110787851223934	4.098664366921967	1.1496911365349844	1.5717381434999056	0	0	1.5240055422819418	2.0749785849141427	0	0	0	0	0	0	0	0	0	0.7470608797249196	0	0	1.0352926684724317	0.2434882727094067	1.4116546721866687	1.6752948829689702	1.1486955652069328	2.2110875520462328	0.7876235148206774	1.2111961919416339	0	0	0	0
0	0	0	0	0	0	0.9231759019450569	1.12687192356551	1.227013304444101	1.507097295176186	1.7460128043088585	2.0114387652502947	2.4307344596103992	2.713492819453445	2.3009095759274154	2.926766609418383	2.5485240675057876	2.7563562538448476	0.5186587553250118	0.789443058096788	0	0	0	0	0	0	0	0	0	0	0	0	0	0	0	0	0	0	0	0	0	0	0	0	0	0	0	0
0	0	0	0	0	0	0	0	2.073885482554357	2.1842513828371555	0.39134711253305843	0.847623440594983	1.5557433982486533	2.14983041362706	2.5817794789456503	2.5566627158420885	3.247787112835095	3.103036604865654	2.0198272844734446	1.955766310680571	0	0	0.5966583269850749	0	0	0	0	0	0	0	0	0	0.9689277875225278	1.1854210968013363	0.26289291032111334	0.11121871167864074	0.974878713974128	0.629781184218624	0.9237917412841143	0.7864982300217263	1.33893689061005	1.4837290088264434	1.0668373245883338	0.23736005837479782	0	0	0.41943428284576834	0
0	1.67610387397963	0	0	3.2930757045212884	3.415203001696839	0	0	2.9685941617902842	3.0317228613225895	0	0	2.7009794945746055	2.0671189125871265	1.6148530328509016	0	1.4546199639353667	1.707671768892209	0	0	0	0	0	1.175858899330434	0.8263551967110982	0.6355767505675339	0	0	1.6638742805839193	1.1528405545799805	0	0	0	0	0	0.3182664060029047	0	0	0.8680893973435226	0.17432752305375904	0	0.6445072943847838	2.0718636197511393	1.269810916476248	0	0	2.184352276187234	1.9593034387104948
0	0	0	0	1.0608625169310266	0	0	0	1.7954781946633216	1.5389210317241437	0.4998379524283696	0	1.1067788395837392	1.6305542258659884	2.359401505560617	1.0438407344027376	2.776848811520898	2.9262731684263086	2.670845805334081	2.2125168543685234	0	0	1.8410264716214366	0.5664010747579066	0	0	0	0	0	0	0	0	0	0	0	0	1.0253219321326172	0.7351523823701331	1.2434348141985516	0.6786787870619665	0.7229332164219171	0.7309280703489552	0.633821572547389	1.5318915742466903	0	0	0.4474974101519902	0.3971309376219215
0	0	2.665652779507676	3.286513020945395	0	0	1.9627390125182156	2.2299746342379123	0	0	1.4353771503923924	1.7839952046696923	0	0	0	2.7813067148036903	0	0	3.128742851424024	1.274114604647383	0	0	3.204134593791742	0	0	0	1.0640959322968944	2.05442232722071	0	0	0.46688705593934826	0	0	0	0	0	0.6520430389195944	0	0	0	0	0	0	0.7855759897322986	0	0	0.7705402702054319	0.4064224038395482
0	0	0	0	1.753610686455953	0.8173927643279963	0	0	0	1.0474661106419965	0.17959328718237416	0.5484750346266285	1.6282348416674877	1.6103782796627526	2.28516462814933	2.6573621245086523	2.585903267456639	3.3655808567150163	1.8085299615082344	1.3478174566318428	0	0	0.8504522596230293	1.1061125932294136	0	0	0	0	0.24365966259495211	0	0	0	0.7511017329775415	0.3469619927491692	0	0.17670112800670704	0.7016561040442921	0.34484262241980457	0.886205146512244	1.1814579719159894	0.47202770638249225	1.2385481555609221	0.5134731028811943	0.5069438623872542	0	0	0.7276316972263398	0
0	0	2.4846423806776463	2.487421764721403	0	0	0.9569320972651366	0.6225282402786425	0	0	0.8934218773646491	1.1455899636185833	0	0	1.264113778659016	2.4195060498901797	0	0	3.5058280091675282	3.5494756142767034	0.586410113188522	0	2.623824283911968	0.6141155632486477	0	0	0	0.8392110364060743	0	0	0.14926600509598748	0	0	0	0	0	0	0	0	0.13465192651325683	0	0	0.5047247402896604	1.8702725331683554	0	0	0.6638545393337368	1.236031693397592
0.8392921302413168	0.556366607631864	1.8243834620982775	1.4240249463253987	0	1.258561249847458	0.06790110853268239	0	1.5677749706782727	1.1954229941595462	0	2.6968680108062686	1.5196259865539976	0	0.5246826302595028	0	2.929377061565818	0	0.957575177367653	0	1.8156316775428116	1.5249670374818236	0.8484521968994572	1.1949712606553513	0	1.3187341730513067	1.1658662666910344	2.2861892543473394	0.523170422048731	0.7485005292920052	0.7895914548406668	0	1.0241352743225027	0	0	0	0.9892576742321053	0.1866170357369087	0.30397341584071624	0	1.8421432300727265	0.20910655773585443	0	0.5055556908918537	2.156205673676842	2.5421169345672197	0.9553800009212383	1.1665779628282187
0	0	1.7291078756220566	1.7835801115855157	0	0	1.6244901848401756	1.132830686313779	0	0	1.6526533339220137	0.8356275468775946	0	0	2.1066524888731517	2.1383965588923184	0	0	3.1390629513099375	2.660284694111752	0	0	2.8320545060599445	0.866088426538409	0	0	0	0	0	0	0.17909432786082946	0	0	0	0.13733046153347855	0.3789434114664216	0	0	0	0	0	0	0.42739553213839854	1.3572245240856122	0	0	0	2.0859445538926793
0	0	0	0	0	0	0.05777028694946106	0	0.9580313649241625	1.2063461744874453	0.6041601725810585	0	1.671013125616728	1.9466676095815183	2.5048560902141443	1.5110962653853175	2.4905845267134774	2.845411245183417	2.5297570389404593	1.7928546923238489	0	0	1.4799373318761269	0.6805130877462681	0	0	0	0	0	0	0	0	0	0.875225680923571	0.2719531505309429	0.11535412399196994	0.6194574762182481	0.36057904551821324	1.4603769843987473	0.912813672132742	0.8573464448776825	0.7798727805248263	1.0269488065783672	1.1717256913905114	0	0	0.6432709333146682	0.6604957902670453
0.5968374276402819	1.1972185502973702	1.9607020782575622	0.8264305090495536	0	1.2082068500057745	0.266500088687684	0	0	0.8883997190778081	0.11487343758997572	2.392957365323242	1.2623724725936356	0.9753143207587938	0.19408521332649528	0	2.5885243186596707	1.0301729830021125	1.2505011398437629	0.2575955732366672	1.5109397376850666	1.7883667267792047	0.483779371273946	1.480918849676877	0	1.0932585858492436	1.6178467167411685	1.6824820157992573	0.15762368330205304	0.7667219702521337	0.5380924651978394	0.051701372274541864	1.168250747420168	0.22844462424573767	0	0	0.7173093008688549	0.3236661973370089	0	0.05900214984761141	1.8484856523271118	0.13489413867301933	0.5660463712685593	1.0669237178182316	2.3239889719126956	2.4507498696124315	0.8988697689782139	1.0604668620457898
0	0	0	0	1.0377841308595126	0	0	0	2.6191220339341332	1.9714068162532175	0.17205942175998012	1.00910172158174	0	1.9380388862946065	1.0926554120892815	1.8449361639633004	2.01000441291459	2.7375128539058995	1.967077637360433	1.6249976764334844	0	0	0.4945415408315076	1.3237501505462381	0	0	0	0	0	0	0	0	0	0	0.21166045085743865	0.3140076014588094	0	0	0.5190329258888189	0.5045059652066368	0	0.36843393589066953	0	0	0	0	0.5972137096899315	0
0	1.1128207124934222	0	0	2.7035084948018993	3.3952861160523753	0	0	1.4980379261042904	2.5501651124639975	0	0	2.1361301685625826	2.5779661170242854	0	0	0.5720074285177988	0	0.6826738275096483	1.673180394068083	0	0	1.2368216064976196	1.133793906934965	0.4726325273602128	0	0.3544638035046014	0	1.3262856294509393	1.3130310572772783	0	0	0.9680472435228844	0.32073495755194564	0.20310057469682694	0	0	0.44668015293923174	0.6805690511568954	0.3700101382068832	0	0	1.2375966560645775	1.4375126878739601	0	0	1.3169171279379075	1.8012215240037903
0	0	0	0	0.5909022659054189	0	0	0	0.9580313649241625	0	2.0756349704956687	1.8551093913886156	1.2783002279190496	1.7054711351848337	2.6794967345259137	2.6354473966559753	1.9039991070094677	1.3729619777363424	1.428087135650359	1.387280115868456	0	0	0.44817017034361484	0.3970601399727779	0	0.17662333666888708	0	0	0.4585811171172277	0.48768275300267266	0.4416022183200508	0	0	0.4218509740646904	1.3383453574915989	1.4776935384141985	1.3505979260669831	1.6424726726611807	1.5910624860314813	1.5269318425937772	1.6234778274166228	1.4918139236689483	0.7571194360735148	0.5553318829721051	0	0	0	0.4847903578315956
0	0	0	0	0.366831468306945	0	0.48339476469605536	0.5679233600329329	1.5118149425850473	1.2122721697153158	1.005897491575955	0.6138343865849601	2.609151996083727	2.514097650459549	2.004830141584716	2.171436973031765	2.548206419923788	1.4450833010900137	0.5581820962437389	0.19911461503990763	0	0	0	0	0	0	0	0	0.4947604247718254	0.41780236772517665	0.18531896716142873	0.24570405247119753	0	1.8082687159785042	0.9681948629242869	1.2300261856708479	3.065729672856574	2.798985307510302	1.401174635410001	1.6646913266726757	1.993943006082652	2.036007898614353	0.6045061463288217	0.09722785415122542	0	0	0.09468365162423793	0
0	0.3745291843760611	1.3269121015446035	1.342156831603548	1.5008453325572482	1.3061881481828237	0.2289683330117465	0.13381648306033186	1.915786939852117	1.6526068544563925	0.11302324950832078	0.44178265476573597	0.808847235299429	1.7229346256457299	0.10009471736956371	0	0.41535738013572265	1.6582420782086318	0.5027360058635806	0.6240287941193835	1.3375581578296376	0.8545453158527561	0.8866792190375408	0.42345549417829886	0.1836097805194999	0.2988058576234712	0.8536095712965179	0.7878510756483743	1.4121141679062539	0	0.06459176452178869	0.07532648125008716	1.7280286210806524	0.4084904309669213	0.10676950312174356	0.1624026053973697	1.8339143341833202	0.9661961192041408	0.3216749170117219	0.08582296732021641	0.7127450937994022	0.6161227532394284	0.6690647144658346	0.5516961697864096	1.4426042084800919	0.5736785628580935	0.46110309441285763	0.40949901888235524
0	0	0	0	0	0.7484991203124567	0	0	1.2574202965043004	1.1109584015967708	0	0.4968336685984732	0.946985056844242	1.4195717196573114	2.206054511728831	1.045171606344137	2.403894194940327	2.2740736273597606	2.147991002543614	1.8456774512878797	0	0	0.6342730411755372	0.9270175870203852	0	0	0	0	0	0	0	0	0.17996677477711684	0.16776417950393385	0	0.1929239436749888	0.4682663037116078	0.20430584176562902	0.9284729456410823	0.5998638555737358	0.45463676792051205	0.4803856594329394	1.1528761787934467	0.3951342250560416	0	0	0.6142817369999564	0.07828005563008424
0	0	2.235060863338868	2.5732502791592395	0	0	0.23881700280739326	0.6421941872559771	2.479085244859177	0	0.3194241553605446	1.6472854076520869	0	0.9941389764704912	1.2944009064464488	0	0	0	2.103002461264851	1.3150687891419122	0	0	1.5783694246940658	1.875990694318531	0	0	0.8496898628289759	1.562328151956109	0	0	0	0	0	0	0	0	0.49989400121750666	0	0	0	0	0	0	0	0	0	0	0.8816030662538542
0	0	1.4754192155750325	1.6822932861239812	0	0	0.5980686601242059	0.7055463431071044	0	0	1.1891047709931892	0.5851496287855558	0	0	1.637984991933493	1.3958176992044176	0	0	2.70993559418659	2.7932035833653726	0	0	3.2122874334076235	0.984836254555934	0	0	0	0.12222384587203343	0	0	0.2764336690378858	0	0	0	0	0	0	0	0	0.06885039094438807	0	0	0.2811492755196501	1.1986321207137836	0.11903845082479322	0	0.2705085402456766	0.906588860278826
0	0	3.219029542759868	3.413295872987725	0	0	2.03611882529993	0.33442410123511335	1.4382034913325048	0	0	1.8789253597967466	0	0	1.3660782111350431	0	0	0	2.740497417002082	2.1052881115393434	0	0	0	0	0	0	1.596542479725548	0.6453856394620856	0	0	0	0	0	0	0	0	0.45231468269778974	0	0	0	0	0	0	0	0	0	0	0
1.8773398761141464	1.2756757800363545	0	0	2.6196000351579336	1.9800092093023007	0	0	1.209143033651792	1.8329872585489897	0.0926873839788485	0	1.186066303816332	1.6435721065239244	0.7867452030066524	0.5241242632350546	0	0	1.1380787819767786	0.8282245701752224	0	0	0.5079358669713312	0.8864068118738685	0.5516539244625052	0.054990042191862556	0	0.08474889286158827	0.76906935354671635	0.8274548725458241	0	0	0.19969453005264537	1.008105226110267	0.059182526544312455	0.13376032092209159	0.349541537235032	0	0.5832808228268209	0.3278003364082296	0.09464284108445487	0	1.3391940770735171	1.1715931618341993	0	0	1.2013318645008941	1.3545902918445
0	0	0	0	0	0	0	0	1.1674356723147405	1.6679845213195106	0.1418809877555588	0.24924984502418385	1.4286283992809323	1.819996606491977	1.6141284665309268	0	2.320786872971404	2.1599189402948156	2.062504842859432	1.2741146046473828	0	0	0.9393418299900607	0.8515770634723958	0	0	0	0	0.1937500379984199	0	0	0	0	0	0	0.1395544861720958	0	0	0.6406522093345961	0.6878434798605166	0.2712633109763879	0.16623110745676192	0.5266988491318514	0.2934518470370278	0	0	0.15344840386983916	0.25195272724823065
0	0	1.3556822178551524	1.369234125132487	0	0	1.0617179298434267	0.2869546952760219	0	0	1.0560022367474646	0.5730351458371663	0	0	2.148910167975353	1.0887159891966554	0	0	3.3359266657988	2.81866463292036	0	0	2.551830134753474	0	0	0	0	0.5646535594701092	0	0	0.1439981496032599	0	0	0	0	0	0	0	0	0.06704017747753105	0	0	0.14661940807107668	0.8747129926606358	0	0	0.562735138392294	0.3304302066076008
1.4899051493595399	0	2.240826909522656	2.8316080371163634	0	0	0.43888110289750787	0	0	0	0.5702358896123577	2.0361430544488126	0	0.7696814993887826	2.1058130649586375	0	0	0	2.1625664697474156	2.329871442494751	0	0	0	0.561129629256776	0	0	0	0	0	0	0.6932182244224002	0	0	0	0	0.6318266359604802	0	0	0	0	0	0	0	2.374466812160631	0	0	0	1.4750744433293568
0	0	1.2430282114670734	1.617503933961982	0	0	1.2678177520293519	1.1924180037583991	0	0	0.6954681000532299	0	0	0	1.8908162427859923	2.5885574144098453	0	0	2.6000909572481303	2.261472000494675	0	0	2.098975951557031	0	0	0	0	0	0	0	0.18541059934922993	0	0	0	0	0	0	0	0	0	0	0	0.712212937712767	1.3769600919408094	0	0	0	1.0899875233188197
1.579914983186811	1.1575791228374268	0	0	1.8841452977986584	1.7793738110666768	0	0	2.130536955011508	1.5269498521800355	0	0	0.6916270776440526	1.9553967396531944	0.5153607511458377	0	0	0	0.9434721606849512	1.047214381146228	0	0	1.0846810614701883	0.7540332745027529	0.4979883946819517	0.3688521818097923	0	0	1.440873637395027	0.8966395691717639	0	0	0	0.3392701457725699	0.39278496992739365	0	0	0	0	0.3239817849799789	0	0	1.5008666263800556	0.9986241078009124	0	0	0.981150160739878	0.5424669218697209
0	0	1.5245467888859086	1.9583508791939408	0	0	1.2357993799186122	0.44295755573395357	0	0	1.0313124651867185	0	0	0	1.7950153086966285	1.6351189305006768	0	0	2.398930794885155	2.3828851656452876	0	0	2.2952428866851946	0	0	0	0.43976081614130685	0	0	0	0.28113450128828843	0	0	0	0.07054726188171931	0	0	0	0.19143072701771519	0.05650621907771316	0	0	0.7539362912883222	1.6424766885719555	0	0	0.11927209304835928	0.3630572485662903
0	0	0	0	0	0.5799207282008252	1.4451364406521925	1.8583308779071472	1.2141162603012352	1.1939046032765002	0.9030568802110482	0.37435248330708026	1.5721990345673298	1.5249488146107881	1.2138584660911715	1.006017533239599	1.6503708524209808	0.8950716458022177	0.8479686269164102	0	0	0	0	0	0	0	0	0	0	0.5274632826520642	1.8104383812742777	1.3273902589186162	0	0.64299116442677	0.43000739714202985	1.0194501538797602	1.8845552567124975	1.9294439812395252	1.0196777012637575	1.0298829208374431	1.0558675517049232	1.263637798042679	0.24532541733439636	0.12818711014649486	0	0	0	0.10876918676379489
1.3004271911515057	1.2585034002604327	0	0	1.9169874858926783	2.2548096497095886	0	0	0	2.062763011386443	0	0	2.0678855107442393	2.3033804114898984	0	0	0.761990695421339	0	0	0.4952092761377255	0	0	1.0329795545210718	0.5765642685246597	0	0.4813027149244339	0	0	0	0.6959736775973469	0	0	0	0.875225680923571	0	0.12259117024155027	0	0.2451884905442242	0.5432857456790179	0.5475958215072652	0	0	1.594263810968961	1.2167097768241364	0.21115898102095193	0	1.1526162391232362	0.4847903578315956
0	0	0.051214664918025676	0	0	0	0.37099102609981577	0.5779957094578511	1.2913766042979022	0.8247711240755138	1.0857667860297047	1.7143989457348576	0.882852696188833	1.2427150928327049	1.9917540818638153	2.2517846436961944	1.1347536236993652	0.8286895187780324	0.9112443076529542	0.8395121742487797	0	0	0	0	0	0.06150563169463454	0	0	0	0.26971920348480927	0.5476917249609485	0.3724561130240195	0	0	1.1159697509695115	0.7905140213896245	1.0239737148217714	0.9542662172294764	0.6616701617131515	0.9363951520867806	1.118670995425857	0.9617066177750457	0.5908319968077436	0.3553616701753513	0	0	0.11205090545408192	0.2679485272079677
0	0	0	0	0	0	0	0	1.9749599249136003	1.9501430845311558	0.49534073288685654	0	0	2.1101828248449275	1.8931195399575986	1.7133989283165465	1.3240458083433693	1.567553034667022	1.0115406588399558	1.4096588381093447	0	0	0	0	0	0	0	0	0.37124212585856803	0	0	0	0	0.8550653082899332	0.3382142607725776	0.6651040980599312	0	1.3910275422730822	0	0	0	0	0	0	0	0	0	0
1.2692176455595305	0.8070741256595508	0	0	2.0971284491194755	1.7144425541484007	0	0	0.7203324709787899	1.6293086519343551	0.05305908026917966	0	1.8089497860780361	1.3757414316858996	0.3246439894262404	0	0.9713195885308736	0	0.26042634467697323	0.8395121742487797	0	0	1.1719102325875785	0.3921760620136777	0.31271788586071925	0.6014015113822152	0	0	0.9863096173462196	0.6019038343802696	0	0	0.5562386806698872	0.20682593046149161	0.24190269950243554	0.05215083081019617	0.1721149596690522	0.15792802446497564	0.6093779008951853	0.39858599692030316	0	0.22998822614959416	0.9831792411315856	1.286787782718579	0	0	1.161130429347913	0.889524748973564
0.8007479700454561	0.6556345852324191	0	0	1.9347949507962265	2.0866303519414764	0	0	1.6358483739152745	1.4244457678443383	0	0	1.9503043656934496	1.3950663759639743	0	1.004639606827626	0.7178123099421658	0	1.2032732031059457	0.5516603185193606	0	0	0	0	0.480234489117575	0	0	0	0.7063481242714077	0.592575300018561	0	0	0.3481677760180996	0.4150207073180101	0	0.05819933324359844	0	0	0.28637003589539234	0.4370833389297904	0	0.13516803370164704	0.5268469744653086	0.9167533306037955	0	0	1.2776392875958311	0.8892049715280483
0	0	0	0	0	0.6084172071290911	0.1712432592273117	0	1.7993375937128255	0	0.9413758810454915	0.9908647997599541	1.8600358290734738	2.012675917197284	1.9068100734856521	2.12758213644816	0.9865700482047544	0	0.5372490918696606	1.0601719830794774	0	0	0	0	0	0	0	0	0.5486571027878524	0	0	0.10758495408206499	0	0.24270482500600343	0.5977062716753534	0.5698598842661251	0.7526780866522607	1.5140743471133966	0.9755514864231047	0.37525447603307743	0.5872526268221767	1.0490225092646104	0	0.4593205645794895	0	0	0.6154633432208855	0.21905976860210905
0	0	0	0	1.7435522582714578	0	0	0	0	0	0.396002750765316	0	1.990719229054009	1.6856233700380376	1.943711984917721	1.4922029578032106	2.3426367098492507	1.3548683245243973	0	1.7388660500745643	0	0	0	0	0	0	0	0	0	0	0	0	0	0.7052520791328782	0.26621843764577335	0	0	0	0.6314869783714676	0.7379440674979837	1.3812068382694211	0.7667822934261594	0	0	0	0	0	0
0	0	0	1.0541982276315696	0	0	1.827831235558146	1.1709723593682526	0	0	1.731450901681618	1.194517637056886	0	1.3360392635932046	0	0	1.846033018897464	1.872417594690386	0	0	1.9449321894879823	0.6282606667076343	0	0	0	0	0	0	0	0	0.7114349466475564	0.4320201309695852	0	0	0.5756296200765555	0.8629541262744067	0	0	0	0	0	0.5512100661668804	0	0	1.7343842492637067	1.697345724746955	0	0
0.55694378508905	0.817967218581021	0.1018126529013795	0	1.7203041701272621	1.7918981467709354	0	0	1.5614943151223644	1.2095742993957281	0.44192283281038974	0	1.7275124998279678	1.6138302427862887	0	0	0.8898488083986879	0.5055615339312441	0.7235703978135505	0	0	0	0.32114307562354383	0.28251606953863584	0.17159600109671883	0.1216705758045592	0	0	0.7742779727635956	0.6108073671099288	0	0	0.3216541527848238	0.21051402185648543	0.0674442157704427	0.05315522360998381	0	0.20914219780892712	0.5334747964173501	0.24486212847305625	0.10759497690619203	0	0.9228556365078161	1.0950017428801646	0	0	1.136552015900139	0.812451860312343
0	0	0	0	0	0	0	0	0	0.5919106881099907	1.4497574947131062	1.5739492379046474	1.3029736159633514	1.2029603507786129	2.548043922460673	1.2343030942172621	0.9072981336038266	1.1094554803430412	0.384338150041001	0.6036528988597682	0	0	0	0.6974601761907014	0	0	0	0	0	0.8331700727595666	0	0	0	0.8952178689583119	1.2152702715368318	0.5647597866518548	1.298247331924871	1.4847487561303616	1.1561581222324009	1.468582191189547	1.0751160059210862	1.236686733171974	0	0	0	0	0.31742002742904474	0.14959037783091605
0.5752779015185052	0	0	0	0.9890962480125345	0	0.15377286540176938	0	0.445519823921426	0.4352351901366931	1.2507681597445761	1.3060140416027952	0.9196733477466615	1.2120620138348512	1.401311656183072	0.6002668140085741	0.80979176405173	0.8640900130970814	0.4904318054506705	0.7511752289141385	0	0	0	0	0	0	0	0	0.3973463402855442	0.3640864140172054	0.12161290063016879	0.1411779470559041	0	0	0.7380750401968673	0.6478049088037291	0.874964793031183	1.0789520375830455	0.4887830355038693	0.6705127174125781	1.1230043258359368	0.7088815272591813	0	0.23065297634066015	0	0	0.11880802225056776	0.28287096101257186
0	0	0	0	0.2116740402146068	0.27165976124075836	0.13034717272015586	0	0.6628141630687994	0	1.0955855285640905	1.0308267015431438	1.018415361355259	0.8406980134909767	1.56016370569411	1.974193782860833	0.6075033656407323	0.7653922466429318	1.1796744338768528	0.5325250796337734	0	0	0	0	0	0	0	0	0.1276952848920112	0.24364442886628807	0	0.08127179201017959	0	0.34323981379463603	0.7260766867969918	0.9455803159835683	1.073198304141232	0.7504774569925908	0.7829246256138431	0.7259809686397676	0.9316228599958061	0.9154155546888401	0.890189422703087	0.28210764916456454	0	0	0.10044333854987364	0
0	0	0	1.655925692518963	1.8108538151078726	0	3.5657412982152668	3.313422529784263	0	0	1.9909419233190178	2.378003252268105	3.1325841720136376	0	1.8813715694357862	0	2.3094503098679295	2.6008907804367873	0	0	1.3637834503970874	0	0	0	0	0	2.3976479181695947	2.6696281383338754	0.9073884344924981	0	3.9422064520983136	4.4269524006970045	0	0	4.532064010366892	3.9657779900704457	2.476167028163053	2.7996392850927005	2.664839430308948	3.750969543860476	2.708149769590007	2.8478858337368655	2.1027915248732794	1.2111961919416339	3.3670416387445448	3.0306510948864	0	0
0.5712949552468816	0	0.07126816811362308	0	2.585658229647065	1.8964936136508979	0	0	1.7613707203919675	2.0128281241415795	0.20685318540986997	0.1329900340624033	2.3192341386685533	2.002894957880421	1.591035430740522	1.6766031828044468	1.2447911229940787	0.6454862629074445	1.7947803570516987	1.4435031754716168	0	0	1.2086998708991663	1.7643352672040367	1.3781432437243593	0.7697678972113868	0	0.06743285120514182	3.1224086887393274	3.341907792385883	0	0	2.423533283592892	3.310708445519263	1.0307990225122747	1.384138189089487	3.478708300523756	3.56871021657905	2.5786826190306944	2.371568692277886	2.3563080595879353	1.8784521157109644	2.9528406106215073	2.643864387061395	0	0	3.1135716495711003	2.810740530805268
0	0	0	0	0.47759752373461317	0	1.153500492105939	1.3524738443105666	0	0.7821169620674041	3.4221077881726263	1.095383727920225	0.5045200642474366	0.7612137156271461	2.344716563723446	2.0988427777967367	2.151410344452769	2.8361246274249274	0.7093279306605873	1.2339908590179463	0	0	0.35745588832460556	0.31511342451182195	0	0	0.07211037654712985	0.10870902616446475	0	0.2141563096847749	1.4432807847226732	1.1453945072480856	1.7213125703154581	1.0511727710318104	4.269632343359333	4.066620776451714	1.0837781877772605	0.42387837055634414	2.5863879258086953	2.454460968856925	2.373155683964181	3.095290100746139	2.184500696581978	1.8276563203867262	0	0	1.0718255771528025	0.6668630248658441
0	0	1.3320716441151024	1.1716246137407735	0	0	2.526629798777701	2.399132083050005	0.7845562687965141	0	1.5458437074238196	1.5861232997531904	0.49493061496739077	0	0.3598329483044005	0	0.8432576993822629	0.8989493695855917	0	0	1.8884997707541182	2.016201038793791	0	0.3085814083636563	0	0	2.7562379110878137	2.9467285174061866	0	0	2.568275884934368	2.5262284065174594	0	0	1.8695289643416435	1.1364828644510399	0	0	0.20130112946342543	0.059629273502232766	0	0.6291316850585246	0.19053584922755856	0.12897716374897894	3.5965161157804872	3.6585648766233447	0.1256530281183449	0
0	0	0	0	0	2.9636570147646735	0	0	0	3.7212785607256684	1.3500437850138685	2.4520775536990937	0	0	1.7964564611777334	0	0	0	3.1945965181098632	2.0665074313773197	0	0	0	0	0	1.7900878158071256	0	0	3.0463564461734114	3.426377958407024	0	0	3.604664641960437	4.162912146834506	0	1.6507888379129458	3.698741980631138	4.327620050674807	3.3836730983863017	4.011245688815586	3.251406437497005	2.788427043438622	4.085753800040493	3.6312766385606405	0	0	0	0
0	0	0	0	0	0	0.7687363681779361	0	1.4980379261042904	1.475692199356218	1.5616233309700696	2.5381912320737587	0	0.5940751472814847	2.9603622274116574	2.2932301972416314	0	0	1.9278880971429846	0	0	0	0	0	0	0	0	0	1.3262856294509393	1.3130310572772783	1.8406691646173108	0.8784855789772418	3.563564575389613	2.3469374886614984	3.3877693643054236	2.5703420917981603	2.0929959814237953	2.4754349115425853	3.6724972636044506	3.1483638608629816	0.6505674228231603	0.7246036996540475	3.082011179202328	4.107428160963838	0.27584746264850013	0	1.8959592518900745	0.6113080199542854
0	0	0	0	0	0	0.5892214053292659	0	0	0	2.6697706972626754	1.8479032467789316	0	1.1539832375172452	1.891506477372733	1.7118422183846906	0.8657051220604159	2.892849222092816	0.6276786113221378	0	0	0	0	0	0	0	0	0	0	0	0.5893247027283363	0.9297764081218832	0.5470213117861054	0.2906084203905606	3.918122174026193	3.338859476530645	1.873840209187122	1.3896011354966726	1.9164771618756706	2.14091695575514	2.6789831286746346	4.137957115906358	0.31025267125344835	0	0	0	0	0.26288080807043573
0	0	0	0	0.8652675090321259	0.6474779184392014	0.09671963494208329	0	1.9702446107145446	1.2988899431669465	0.3541978870548991	0	0.9060377789518934	1.863718645216621	2.107748514342354	1.1020058052017063	0.47603115676887164	1.2573566718653821	0.6764181358023775	0	0	0	0	0.18903722935067518	0	0.15266517317971706	0	0	1.9958494038117642	1.439789002992594	0.5822313782402709	0.3806059732787326	2.352524950371907	1.9421861787916572	1.735100714847447	1.793564827054274	2.4632558122637747	2.4763633582982574	2.7856801198297445	2.9684803519572838	1.6058967027173843	1.6490449665322857	1.8431230948915545	1.6176889663419018	0	0.18553305323515273	0.6139817111843938	0.9546861870898009
0	0	0	0	0	0.26024204315833954	0.24821196463602835	0.5092233998230069	0	0.625879570635621	0.980095018894956	1.0609279092721455	1.2938771730696728	1.194222462742868	2.058586462994597	2.3209533745281696	0.9523934359536074	0.24195807677868353	1.0178041350362133	0.8964738740654501	0	0	0	0	0.20998852594445835	0.14970954774349032	0	0	0.45975067757009824	0.4222882775205161	0.43275089585786397	0.3095509607028702	0	0.9399504322833452	1.0191384143523274	0.9250086800221844	1.4129120394281796	1.6223637424206003	0.7952357931359896	1.1825154586118745	1.3925057494682431	1.1613858329133462	0.905124400800712	0.5743176466710509	0	0	0	0.08334741054928457
0	1.5783315875530484	1.9814577656158014	0.3418100521855913	0	0	0	0	0	1.571121465703441	0	1.388856439568789	0	0	0	0	2.5125307707525804	1.5257889148676878	0	0	1.7981066069913236	0.45215073112749526	0	0	0	1.6575192055239107	0.6735957248079766	1.4200193926828637	0	1.1947176749645259	0.44787567372169307	0	0.6535608784564843	0	0	0.1815562037130502	0	0.6142560717912559	0	0.18427650946806434	1.59641975105926	0	0	0.8587019858969838	1.5619769645511177	1.9633501048575446	0	0.1743309582472899
0	0	0	0	0	0	0.32296611049583135	0	0	0	2.223948110882804	1.7813670403389117	0	0.7897997608502993	1.0549090139586674	2.1454830607845765	0	2.817935727492721	0.8968042084494885	0	0	0	0	0	0	0	0	0	0	0	0.782205317409305	0	0	0	3.77054160795892	2.4149289521935384	0.3772569233846354	0	1.57998740993347	1.6829570657555561	1.4496663286152662	2.9097121321595507	1.2293512798307478	0	0	0	0	0
0	0	0	0	0	1.495701458942468	0	0	0	1.262215799215349	0	0	1.8879663823540689	2.117456115055911	0	0	0	0	1.3713370878010946	0.6806101465764149	0	0	1.437941634240104	1.4265966168720614	0	0.1456291845333469	0	0	2.309100121655747	2.1277393790436823	0	0	1.402353974199704	1.4831684875334512	0.6126869336009175	0.6554872585764595	1.7704376040111842	0.8793299789069343	1.7715904597433834	1.4728609641999002	0.12895649942003268	0.2772633436281716	2.560584690033931	1.7351547722147735	0	0	1.9468826035297995	0.8178426402961507
0	0	0	0.5413311281075488	0	2.0653746555064294	0.4134732890421161	0	2.0689336744304807	0	0	0	0	2.369776704063725	1.6863465837847522	0	1.4046742723617804	0	0	0	0	0	0	0.7174723304424613	3.436647455374868	1.718139286786871	0	0.5011303652294092	3.6654379381706903	3.178063575580066	1.3319785475029324	1.1066079968622087	0.9654159202967652	2.6779598047543414	2.787995657125827	1.9154873550908975	2.3840833453226957	2.5904686494726223	2.0536222612162383	1.760475546088607	1.9750055269343985	2.648768649627997	2.5790602579032833	2.281430120044667	0	0	2.626433627359081	2.085654585267131
0	1.1717972533169303	0	0	1.5682356217058377	1.256898760620891	0	0	1.0624941107664694	0	0	0	0	0	0.5237349496488821	0	0	0	0.7264679866817126	0	0	0	1.8455709777848268	1.722094360575542	3.2468098500190976	2.6536833714565935	0	0	3.951658777874218	3.4459793725608887	0	0	1.0226471766102772	2.7364756586111563	0	0.32519939667263914	1.5491994261986013	1.8440246378640714	2.233085732655492	2.046150425206262	0.33634971519054635	0.6565593588812728	2.172921755662261	1.4543969329999384	0	0	2.3784782941843075	2.8956567952657246
0	0	0	0	0	0	0.4170925432026182	0.35907334972630256	0	0	2.084424394049152	0.28907338824876216	1.0573192779800533	0.9681748201260862	0.8200093068041188	0	0.9374872473955645	1.8473404734442627	1.088866772930014	0	0	0	0	0	0	0	0	0	0	0	0.6449597367574951	0.7045208556207581	0	0	2.591666746087779	2.399688802262059	1.2495122697011147	0.17303739710338426	1.2392902467842783	1.507378582403615	1.7886862341220129	2.1644008911168937	0	0	0	0	0	0.292148489093454
0	0	1.998767974721103	1.2739491243960404	0	0	0.8657254859627881	0	0	0	0	0	0	0	0	0	0	0	0	0	2.5938209619997807	2.830573630266946	0	0	0	0	3.953650967800999	3.733230644015187	0	0	0.6688719018286564	0	0	0	0	0	0	0	0	0	0	0	0	0	4.064930723489547	4.663641354146164	0	0
0	0	0	0	0	0	0.11605833363652185	0	0	0	2.2601391964215725	1.2670731024298412	0	0.5747314815710907	0.4726308347377973	2.3743411783407153	0.9072981336038266	1.1094554803430412	0	0	0	0	0	0	0	0	0	0	0	0	0.719352197113057	0.7872701560242272	0	0	3.4045634859340574	2.423829521312789	0	1.257174104326964	2.421816577330473	1.6969781360307716	2.1657718945135396	2.3961131482350253	0.7753368778574798	0	0	0	0	0
0	0	0.3608091498017453	0.6450192991528417	0	0	1.8348213156748483	1.3638792054777213	0	0	0.9110107949267425	0.6951236192198087	0	0	0	0	0.3276956001232719	0.8474079534046275	0	0	1.0957633589774047	0.84786351465671	0	0	0	0	2.8255099641665273	2.624791494107299	0	0	1.7748076050242474	1.7699424323944688	0	0	0.5674090039980836	0.3966966511801873	0	0	0.07847927852674093	0	0	0.1937609943234194	0	0	2.860908631070508	3.15682875980896	0	0
0	0	0	0	0	0	0	0	0	0	0	0	1.3476738876860728	2.1316353504834025	1.7606156604012124	0	2.0877402938838463	0	1.3833784637724602	0	0	0	0	0	0	0	0	0	0.5696852988448844	0	0	0	0.8090635143994765	0.45554474235231324	1.1190214650366888	0	1.0601073224247801	1.0001153772327336	1.4406936202468523	1.158895559055144	0.8749480224545073	0.8323885063124208	0	1.0427513116712068	0	0	0	0
0	0	0	0	0	0	0.29382498266731666	0.4836780585917682	0.8145544553339734	0.596034319828395	1.759309265493238	0.27896006943073637	0.6427333885515997	0	1.0666461838316676	0	1.230617029408709	1.115636087994936	0.3872853851265698	0	0	0	0	0	0	0	0.09780430537553447	0	0	0	0.6257241801767516	0.42442002044301425	0.17996677477711684	0.5484859266642078	2.1936696157951703	1.9876825857588296	0.13915799751275068	0.49145021040498826	1.3417676590787355	1.3208964163038859	1.035089040843442	1.3552996902134378	0.5244871493032958	0.25522349707790914	0	0	0.09007717173951538	0.21855417757039464
0	0	0	0	0	0	0.6210878943169059	0	0	0	1.7203023085602116	1.345131722093791	1.1856663506937206	1.9355012088499055	0	0	0	1.8199078578295826	0	0	0	0	0	0	0	0	0	0	0.47783378122305364	0	0.548510787544892	0.6188256493030995	0	0	2.742947867996724	1.8163400092686626	1.181160042254191	0.6493048389651339	1.4269100851912118	0.8365757442762247	1.302544112058159	1.9400379913138566	0	0	0	0	0	0
0	0	0	0	0	0	0.3555874069001225	0	0	0	2.021982161554789	1.5834749160771215	0	0	0.7170062927318069	0	0.8249741051023848	1.6879509884769202	0.9655269327783469	0	0	0	0	0	0	0	0	0	0	0	1.03925665326288	1.1854658756296415	0	0.4873564466518336	2.8808821848048978	2.676542829563904	0.8256405674736739	0.7376784487346255	2.1777499242871583	1.849085428251509	2.221429462942741	2.8378494187210914	0	0.2875935664892367	0	0	0	0
0	0	0.7436145569989002	1.9652034030337941	0	0	0.5989593526456155	0	0	0	0	0	0	0	0	0	0	0	0	0	2.6877553813760886	1.7651657543496275	0	0	0	0	3.4863222600437025	2.7010167256585023	0	0	2.2521331375617595	1.2975352744969282	0	0	0.21467699156021824	0.3182664060029047	0	0	0	0	0	0	0	0	3.9382290727294347	4.108001981439964	0	0
0	0	1.7755676682087533	1.3126767206506205	0	0	0.055386678709869144	0.17407594970053109	0	0	0	0	0	0	0	0	0	0	0	0	2.18622825734758	1.7989605414159158	0	0	0	0	3.2086119903788015	3.113051752677675	0	0	0.454860578732755	0	0	0	0	0	0	0	0	0	0	0.17270560455818235	0	0.1636115421380575	3.6377679021968548	4.105558150405804	0	0
0	0	0	0	0	0	0.38833744217305805	0.8970474489410822	0	0	2.3182754841918416	0.34342927338342094	0	0	0.7723840492913282	0	0	1.4506530934793456	0	0	0	0	0.3191637057562811	0	0	0	0.7162949629492703	0	0	0	0.40026261681014785	0.6981365616587734	0.22403717405865975	0.3820266363940762	2.937638172907415	2.6473426487772507	0	0	1.434836187243042	0.8659398627057479	0.5168115143754083	1.04119645908382	1.0584625000420875	0.6868443149868073	0	0	0.39216144065837333	0
0	0	0	0	0	0	0.1311974563721033	0	0	0	0	0.8972090232856493	0	1.841919045748682	1.0009275028885984	1.879495311946111	0	0	0.7264679866817126	0	0	0	0	0	0	0	0	0	0.9729952710945976	0.747277218437807	0.3620403374512545	0	0	0.9743439722223997	0.7443528047061712	0.8924692058533887	0.5152919779142553	1.3521311228310207	2.3745561666162875	2.1073388141918055	0.6929327582039753	0.9647978017712444	0.9387495168028528	0.8384416881138026	0	0	0.8227522425151576	0
0	0	0	0	0	0	0.24316282867153513	0	1.3319985784543658	0	0.17565365764667196	0	0	1.5910538675710486	1.1076825994333688	1.3149400863024252	0	0	0	0	0	0	0	0.4472848796011584	0	0	0	0	0.9615947552585407	0.3101755059200725	0.3564897318195287	0	1.4009790287825397	1.2322849836578127	0.30869487172959903	0.9009945072411324	1.4607551261450904	1.6132686918335597	1.353407042248657	1.7231101794010515	1.2393561985651578	0.7603577201787445	0.627743553255252	0.4973869567491189	0	0	0	0
0	0	0	0	0	0	0.7754825551949134	0	0	0	1.1319303622999752	0	0	0.7209251154648179	1.455625688116882	0.9770484217864833	1.1018490292513916	0	0	0	0	0	0	0	0	0	0	0	0	0	1.0377908244041307	0.8646254210765119	0.5862167763335024	0	2.2819467571036367	1.7707104170076575	0.3382008958100408	0.31230411609289443	1.478200122335708	1.3647416252526907	1.0679572527272292	1.5560170364490586	0.8448411709982894	0	0	0	0	0
0	0	0	0	0	0	0.5435961037717576	0	0	0	0.5138443412827358	0	0	0	1.7453237118982128	1.7518415843576296	1.3585331467033628	0	0	0	0	0	0	0	0.9921729832018866	0.3300092880061377	0	0	2.2490220654207036	2.4138409557478395	0.8376557620607298	0	2.1568165407072333	3.303167059924606	4.291930675253877	3.3574548583673676	4.065593043573256	4.041034575857367	3.5223109613824133	3.7276021213257207	3.023683227655146	3.811684680802691	3.3225868811986183	2.885156151742711	0	0	2.5693995822913	1.3456828456339895
0	0	0	0	0	0	0	0	0	0.6124054531065335	1.0283554764874254	0	0.6600132422267814	0.7970465390120307	0.9168943086367443	1.2666355295474805	0	0	0.21928162244159496	0	0	0	0	0	0	0	0	0	0.40806146372526403	0.615484179879986	0.1826116172274072	0.35815036267747175	0.1860030961887923	1.623637607997868	2.455949990268702	2.2848808863401358	3.3705718210628084	3.2101418882257438	2.7477646674853275	2.754275149558776	2.4109845754665113	2.225542510733724	1.8741482502405113	0.3378410795588823	0.07653376277520754	0	0.329947428847864	0.22574514082713854
0	0	0	0	0	0	0	0	0	0.940333757991954	0	0.8031435326242907	0	2.14084589358996	1.5049518512445863	0	0	0	0	0	0	0	0	0	0	0	0	0	1.4488551296638426	0.8140702758939952	0.7468746490225527	0	0	2.0790769348770914	0	0	2.1324258690734363	2.46531247524142	1.9478778518377966	2.228413624725037	1.806380124507361	0.9458209291209859	2.1004847062770216	0.9102881131677204	0	0	1.0315420663441315	0
0	0	0	0	0	0	0.09902876355263261	0	0.48545245190344233	0.14130956159160132	0.2550016518671126	0.11320124034415983	0.2895925695853221	1.247578464727574	1.268499311789356	0	0.24510912891985717	0	0.42433126284515305	0.14478771366728607	0	0	0.6311513648798953	0	0	0	0	0	0.9667840925382376	0.6182605705219659	0.06951274623617205	0.027746918104923315	0.46222805490208657	0.6691562798910808	0.6793090201921265	0.5837057031420327	1.7256731695571246	1.3961907782328609	1.9779814679199996	1.949680875788617	1.1966812735580774	0.6908864709953179	0.873173092226134	0.8936782637790299	0	0	0.35160677087440106	0.2649142785226236
0	0	0	0	0	0	0	0	0	1.096016523415778	0.3531981784310597	0.3316753868345047	0	1.0703038322471237	1.7655965678731227	0	0	0	0	0	0	0	0	0	0	0	0	0	1.0232862795880335	0.9572443156519945	0.38691336933066844	0	0	0.36917971821741374	0.4264886939901919	0.5471381016984489	1.6827131441306962	2.091019825288525	2.1824252483704134	2.712356101766833	1.1521215988371236	0.8137616188214098	1.4751575019357992	0.8844314164438629	0	0	0	0
0	0.8669174798837282	0	0	0	0	0	0	0	0	0	0	1.0615298892118255	0	0.4943106626187809	0	0	0	0	0.6296821186858548	0	0	0.8056405670928634	0.7262614519981346	1.6050606563565635	1.263563372082364	0	0	1.9622351010786059	2.9919187099682647	0	0	1.7853617101354988	1.4922904483372732	0	0	0.8119810811949189	0.5656136972290835	0.8401921399201363	1.0346626127333223	0	0.3584211596011925	1.5514797521723005	2.7622846744887983	0	0	2.422877337278551	2.121321718855439
0	0	0	0	0	0	0	0	0	0	1.3845090619612743	1.0481847901688004	0	0	0.8400867612957452	0	1.1462851473743512	0	0	0	0	0	0	0	0	0	0	0	0	0	0.34869652794438444	0	0	0	3.5411386266865645	2.5270177183855926	0.6203678381146083	0.420037833721095	1.4791988219822427	1.4439904176785285	2.4381407584902686	2.9925468294827637	0.44927738931050565	0	0	0	0	0.2105845132748087
0	0	0	0	0	0	0	0.7290503488367369	0	0	0	0	0	1.6207288625855032	0	0	0	1.8419493026909959	0	0	0	0	0	0	1.5636711223239805	1.1275253065142683	0	0	2.6084057223724177	2.156721521097295	1.8719224020200205	0.7759749879660214	1.9633280492246046	2.2521499569478793	2.83586820553617	1.406991682684167	2.3295030631753555	2.19471610513324	2.336383667083078	1.8163084715010656	2.0636564148573115	2.252480993072662	2.031845879517784	1.9486414178214413	0	0	1.0822647883770047	1.8012215240037903
0	0	0.23996347716065275	0	0	0	0.0960273974019383	0.29007061476041957	0	1.2934167023494287	0.3519565320586313	0	0	0.4923101295196254	0.6237967724309793	0	0	0.6056317394900528	0	0	0	0.1809462401924011	0	0	2.360127586271013	1.578334218389228	0.511050296529623	0.37031692586914294	2.9622032721692166	2.6038921953036454	1.2990829781951905	0.6029213943491466	2.084492028618264	2.732948371145145	2.598741463054028	1.4213730004243097	2.934439620554765	2.965002554430995	1.9711326560049287	2.1455959760941963	2.782722817802633	2.9797907128325365	2.3752046513536675	1.9974929609582128	0.11735223092270668	0	2.064869310709576	1.5334777164838798
0	0.6549394195811228	0	0	0	0	0.08371289465398189	0.45937081366538934	0	0	0.21804162387991904	0.37322371952099176	0.4909737976977441	0	0.6191873795950444	0	0	0.8929327209320073	0	0	0	0	0	0	1.2419187474701379	0.4493298417799605	0	0	2.1218426377321693	1.6395230593533445	1.2171373921526327	0.7980880677376255	1.3277256198155785	0.7067134846453227	2.19203815159477	1.3991667509207644	2.2404293641891524	2.4043741754357466	1.6260274997242479	1.600072860247384	1.8293038617537472	1.8925514193984432	1.6128269107587228	1.3151827512429217	0	0	1.5213553361231238	1.2581135048649803
0	0	0	0	0	0	0	0	0	0	0	0	0	0.8636133960858458	0.587986454392284	0.7302504923514713	0.2823320409716897	0	0.9766023783674793	0.31184884778491134	0	0	0	0	0	0	0	0	0.6713497227013292	0.621336281411284	0	0.06399582066386661	2.3337582164719772	1.4716310896656455	0	0.39480751746391296	3.246157305432592	2.9490874460646648	1.9618897053567106	2.1526584810744915	1.3917556943257519	0.9964934598576252	2.5434165666090665	2.6961626764759967	0	0	1.3785519353284095	0.6918774125399978
0	0.18771502866782822	0	0.10378853879173575	0.42400473971825575	0	0	0	1.4253281839149305	0	0	0.18396922614888414	0	0	0	0	0.3839497420433141	0.4970769340687821	0	0.23312424184478442	0	0	0	0	1.5399274846498967	0.8181371188123252	0	0	1.704797250768326	1.0119592283860763	1.5410634784672896	1.0716579861418583	1.0920663208942245	1.6996101166741127	1.9423251662419132	1.1261657816010775	1.7214346715175703	1.7836890758299278	1.4703251654470642	1.3483723098682208	1.18758464373462	1.5428080393798698	1.3783530101181483	1.5499339228624358	0	0	1.3608066948109165	0.7291887581692219
0	0	0	0	0	0	0.09494518632348595	0	0	0.3616260038791481	0.5545115974486272	0	0	0.6087340062371814	0.15100601347754214	1.0890804016493862	0	0.4372118238144207	0	0	0	0	0	0	0.21030068565703058	0.0525175067438724	0	0	1.4616260166119657	1.8623082493954908	1.0232137023457673	0.14972607274258617	1.4004464851938934	2.208832874171698	3.404742502998715	2.8422358373124155	3.0231612322372645	3.114497197018882	2.9793046681202355	3.0336210194050097	2.42662651068372	2.8707161806029644	2.8150890229138854	2.1536828575265705	0	0	1.7729231792273044	1.0241702363461576
0	0	0	0.33566023563834296	0	0	0	0	0	0	0.3341132740651096	0.9055360551770752	0.7090938545321959	0	0.5294741544809908	0	0	0	0	0	0	0	0	0.4590947166637378	2.3374327858619752	1.4959628081965155	0	0	2.683137686988461	2.4439137059404255	1.4628197686063416	1.279198283239451	1.4255018038424103	2.4011887118459865	2.4388345487760668	1.9377937702034547	2.91413876017078	2.252423197572344	2.4512344751825195	1.8635743359831087	2.513918967826688	2.197294110853801	2.3700660648165846	1.975843615446453	0	0	1.6707099929666742	1.0522766555855991
0	0	0	0	0.7188466823886396	1.3313085328465313	0	0	1.130765460793286	0	0	0	0	0	0	0	0	0	0	0	0	0	0	0	2.278322528409892	2.406145724618877	0	0	3.089720419334495	3.1600780547089573	0	0	0.6863213440016311	2.117467282697222	0	0	1.4727254268955774	1.3141208115590595	1.3724629740374577	1.3384447786091596	0.7454995904375411	0.4148734026436719	1.3754644975535544	2.1698900846816422	0	0	1.9643066402799103	1.7729232382914466
0	0	0.22324943071026107	0	0	0	0	0	0	0	0.41789638319885153	0	0	0	0	0	0.7496082648409433	0.9303811048387389	0	0	0	0	0	0.3227769645765499	1.639087989447961	0.47244772849615724	0	0	1.996887448783652	2.094673366565681	1.6750529793549251	0.7018843887249396	1.0191931348146763	2.3048833021309	2.0796732088274936	1.3358095665525755	2.1773017361927414	2.35144652270212	1.7404672651958875	1.364512505674014	2.099018658564228	2.2473049553984956	2.2721805956481416	1.4671291527316483	0	0	1.1367012523119626	1.1223582575649553
0	0	0	0	1.695323081243307	0	0	0	0	0	0.3771664058498161	0	0	0	0	0	0	0	0	0	0	0	0	0	0.9334888028144703	0	0	0	1.6441316446364653	1.956368296267424	0.4127334006850176	0	0	0.6759510553149968	2.9278957542248145	1.4760749706372274	2.3489359693422966	1.7569320238267068	2.294982719882498	2.0021232546417873	1.924754688417692	2.299389272272622	1.9445995079831175	1.1958141621588148	0	0	1.383957998238652	1.148324971615046
0	0	0	0	0	0	0	0	0	0	0	0	0	0	0.6384661730499217	1.0300860233626583	0	0	0	0	0	0	0	0	1.1437131452723874	0.2589670337933786	0	0	1.2506886111366575	1.4738671100652327	0.6149252179510574	0.36652300901467794	0.4560776519427289	1.1446291535477646	1.637911578137195	0.40473424636183714	1.5042081508690928	1.6066137567389527	0.6524199418051305	1.1080206374383579	1.4756445151856696	1.6519603509422205	1.0051395850651585	0.9948119468362933	0	0	0.7443082592914471	0.8886370824691752
0	0	0	0	0	0	0	0	0	0	0	0	0	0	0.9431295390916139	0	0	0	0.6795310348799981	0	0	0	0	0	0.788802356076668	0	0	0	1.749042254680246	1.9566275888617215	0.9516879582458442	0.14442024164394884	0.7960789946559725	1.7723463963620676	2.2976424312986135	1.1866793516700338	2.229220554475589	2.334637083349029	1.9188184745727535	1.8743952909013524	1.7145313077872304	1.9034039673437761	1.5363712810356582	1.0964954518725607	0	0	1.4115642581815018	1.04467975541813
0.43091767585761886	0	0.03799823783926947	0	0	0	0.10898580849666932	0.39242967599954004	0	0	0	0	0	0	0.2489471717483902	0	0.2968742359302663	0	0	0	0	0	0	0	1.6732328000308319	0.5849018055478841	0.13355692120943152	0.13653640634696676	1.9577208697650605	2.05017835462003	1.2357716719071523	0.5307672031101736	1.161167392779928	2.006205329226481	1.9673702298220228	1.1475136809036504	1.8668188549595095	1.9231074913120632	1.4944108582049902	1.0312785266837539	2.2849969787153555	2.1321160481361594	1.3667636963861696	1.090831948776751	0.06871067597546776	0	1.010786274863106	0.7393665264624911
0	0	0	0	0	0	0	0	0	0	0	0	0	1.3121474424806188	0	0	0	0	0	0	0	0	0	0	1.6178847909497152	0	0	0	0.8163442825009513	1.3456608602532842	1.2065603757847034	0.420720828157774	0.8609925487428385	1.426087750234218	1.3896124962491856	0.7788224940197694	1.5301643165706933	1.2560821866989935	0.4341141276066264	0.6411617583091584	1.6066721611137087	1.9012706993181752	0	1.1031094346031094	0	0	0.5024507548212682	0.4471783220266613
0	0	0.11931371188997592	0	0.2768598973183569	0	0.046019852124325855	0	0	0	0.3323406840113245	0	0	0	0.4562039670478071	0	0	0	0	0	0	0	0	0	1.2656545985331062	0.42880895484145076	0	0	1.3497926167437886	1.413629157463515	1.0914054598107477	0.10845908280510738	0.26164908720843266	0.9791846155310724	1.657947678498805	1.066169992774565	1.5063277454294464	1.6070705907000058	0.756611074008557	1.2601533357317383	1.5171792045107388	1.7500436060206603	0.5579589405780166	0.25773684337807823	0	0.17318235615044045	0.85789546734086	0.9576381108643207
0	0	0	0	0	0	0.3278274974330653	0	0	0	0.34070210773486487	0	0	0	0.3894647445050895	0	0	0	0	0	0	0	0	0	1.3177358684844065	1.2585612546031295	0.674382137946147	0	1.842704913168963	1.6782892304217318	0.7209227679900408	0.4258069031070864	1.242311999834778	1.6082053572063135	2.0857302834654905	0.9536681512924228	2.796685271354393	2.336606715307593	1.688864147364153	1.362252702314598	2.381354091851757	2.2001436477532925	1.3269257502564735	1.2734594664814478	0	0	1.1187360855504944	1.0225882371514974
0	0	0	0	0	0	0	0	0	0	0	0	0	0	0	0	0	0	0	0	0	0	0	1.044176395540189	2.40052970306618	1.8095113778239758	0	0	3.0338863071775313	2.5076706540809424	0	0	1.1441060283016142	1.0926188697947183	0	0	0.4318172246916913	0.8380437079342552	0.9945597510014981	1.4180961698883976	0.49507262193811113	0.7492102986266554	0.5380500371626189	1.3361738364978364	0	0	1.9652895678589668	1.210807278994043
0	0	0	0	0	0	0	0	0	0	0.19729945922323563	0	0	0	0	0	0	0.8290538630723233	0	0	0	0	0	0	1.9803592585034686	0.8195817336091055	0	0	1.9838657446008208	1.5941403774359304	0.7393591521703542	0.09081909485295493	1.4413787527938242	1.3835211241124001	1.8250488849737103	0.6190205583226585	1.8345322134288289	1.8141367046625307	1.3520396430263457	1.0477531787486567	1.8659114082363306	1.5309431112781062	1.3158818545558681	0.797471873426078	0	0	0.3883772590450257	1.0809113847859646
0	0	0.08108242187902891	0	0	0	0.08999236579972723	0	0	0	0.5564444886283504	0	0	0	0.20796397445242892	0	0	0	0	0	0	0	0	0	0.7794050017668741	0.30517251804353407	0	0	1.2579185060244338	1.0383513146837489	0.39768900165646603	0.0374658240119541	0.5862935823187689	1.250697755535647	1.4519601709307781	0.6549161882627054	1.5941813240431182	1.4149757057466539	1.1063966564177066	1.1725255946688327	1.3402193302158842	1.036142400043536	0.5859532014861453	0.5508948514801806	0	0	0.9811501607398779	0.9089226793275533
0	0	0	0	0	0	0.1775490363501363	0	0	0	0	0	0	0	0.3899832284453991	0	0	0	0	0	0	0	0	0	1.3189124416187903	0	0	0	1.9024489914529936	1.5246158536464938	0.4728667160896639	0.30339722289961546	0	1.609490308371942	1.267640078872702	1.222793994245755	1.735401302099612	2.2523530158398506	0.8010574243659709	1.4140674486037406	1.789578462269907	1.8666606054297314	2.2648707118834395	1.3161232409804813	0.392072554457078	0	0.7791404336221097	1.0236171885612506
0	0	0	0	0	0	0.19106124146029882	0	0	0	0	0	0	0	0	0	0	0	0	0	0	0	0	0	2.070190135907805	1.221881551909588	0.5286701735889727	0	2.026973467272641	2.292562531491532	1.0870240803229263	0.4135152796866191	1.6116116783265564	1.246174564523722	2.474791254369799	0.8322747278434129	2.3625007867343437	2.4645922964496325	1.75614542112627	1.2918992525695563	2.3615168546712324	1.5006477731493304	0.8484120489274023	0.8391007231817923	0	0	0.4941596004034865	0.9769391960746313
