mag_name	MPA103_1	MPA103_2	NPA143_1	MPA198_1	MPA198_2	NPA200_1	NPA200_2	MPA234_1	MPA234_2	NPA237_1	NPA237_2	MPA295_1	MPA295_2	NPA247_1	NPA247_2	MPA314_1	MPA314_2	NPA267_1	NPA267_2	MPA900_2	MPA900_1	NPA900_1	NPA900_2	MFL103_1	MFL103_2	NFL143_1	NFL143_2	MFL198_1	MFL198_2	NFL200_1	NFL200_2	MFL234_1	MFL234_2	NFL237_1	NFL237_2	MFL295_1	MFL295_2	NFL247_1	NFL247_2	MFL314_1	MFL314_2	NFL267_1	NFL267_2	MFL900_2	MFL900_1	NFL900_1	NFL900_2
MAG_211	0.005101413634327916	0.06343191532515055	0.01525566531866406	0.0697869148177546	0.15502937366273156	0.11248410553560971	0.12465323061786386	0.3098347523863337	0.1738740350739291	0.7938754288144123	0.9346266762734894	2.5192590414867104	2.241107695167487	1.6735763535503319	1.6935258118912713	2.373727758683297	2.032132850836681	2.4251422256038104	2.881165622283236	0.013720535483451958	0.014441973849303182	0.016012793173678715	0.012897708313272476	0.012781916642413583	0.037378080971912954	0.08102859998350022	0.07256625374498268	0.2631048132704491	0.23144100007840132	0.6646355752662306	0.7997685559998922	1.056994804218511	0.9670583301076925	2.367105317089227	2.301131937675098	3.5162615541872673	3.629326245629199	3.435396372431777	2.950995281672781	3.0836682396460198	3.2556578745898044	2.8946256417337235	3.514291902650072	0.0417476523668096	0.016102565010313256	0.06855729130234178	0.06371441853328164
MAG_604	0	0	0	0.001521148966058751	0.001410633189004803	0.005029504809672019	0.006095682022852548	0.009758223292781388	0.005340039575300817	0.06561973953523911	0.09553682684521647	0.16774437405092457	0.1868496146490922	0.299752619403981	0.2932877810671146	0.10170648882573301	0.1597516536193206	0.35863110540671356	0.22000900374899512	0	0	0	0	0	0	0	0	0	0	0	0	0	0	0	0	6.927466456249454e-4	0	0	0	0	0	0	0	0	0	0	0
MAG_945	0	0	0.0017601362509486115	0.0038860283018837057	0.023649889631496418	0.008466037755772612	0.011580437151234252	0.024034837279226576	0.009017655452595547	0.06334562241672499	0.09459782614069012	0.6394085830647392	0.4552342849517504	0.29189833152634964	0.22299495627451368	1.0933678271559535	0.7249206645048594	0.6885882845672883	0.9915221298915221	0	0	0	0.0011416550637858443	0	0	0.004271732146802423	0.004184291629028703	0.01657571661173846	0.012609994769743008	0.03217487636281357	0.03963231112751993	0.11541063262130379	0.07608641802407858	0.3368824953107499	0.30462159025296354	1.1584748005446808	1.4605731044056784	1.2002309523214583	0.6039915973113267	1.0568158959649872	1.173636733589484	0.6279226641814333	1.2036879637627143	0.0024849554392082367	0	0.0038091362203930695	0.003810400494614434
MAG_1583	0.04769012124877857	0.07772783041140993	0.3373322024588582	0.28508696055986893	0.21454341997130008	0.2977831592674305	0.2961988490291304	0.27033621921328954	0.11098697242202425	0.09901783431442816	0.1156957387670996	0.014249503873840512	0.015022156285741122	0.15847773887544464	0.10104283487498533	0.00763026593916383	0.0054261027419377165	0.01555324674787799	0.01676719758622616	0	0	0	0.0010441747597418989	0.22890802476629657	0.2154538774094928	0.670340852066611	0.679134575984194	0.3699171259472757	0.26848159232859886	0.6588131560710317	0.5331777864682574	0.5456389250716284	0.43029644278349954	0.38004239205711315	0.378953480111945	0.022075899297451698	0.04992126138058636	0.03731578454369956	0.2127152935521686	0.022919981920742356	0.022000784088159503	0.201107932587339	0.018799390889450398	0.002809520598291896	0	0.003010366297144842	0.0028306034594032035
MAG_1681	0.029055788372637146	0.03322201651061679	0.12913514703234075	0.111849904950096	0.08226390974595749	0.0994488627198212	0.12282896794468218	0.0512818858224731	0.06822393726612556	0.03454066050211997	0.04211652105909717	0.005513704953321266	0.006656517150286045	0.032364236144794244	0.02827006246431889	0.004564179269074785	0.004742737419609246	0.005881990128800867	0.004500697648660945	0	0	0	0	0.1175879108429974	0.0911073822284769	0.21406953062910583	0.20740441030360351	0.2934389970162355	0.2618182154098365	0.2418660660870542	0.4011799197893667	0.2699809071368331	0.14240439584386416	0.08790132003948202	0.08024350905005206	0.0077976987706359305	0.009251456994744058	0.002160044622985797	0.035225724571649075	0	0.0018132696325136282	0.03888207890009716	0.002068941763202032	0	0	0.0012087065198711675	0
MAG_741	0.054154313267131396	0.08454929772506638	0.19112429046540394	0.21927068544138603	0.14503295657444898	0.3351537964322204	0.3862166120529059	0.255603151877896	0.3347108291105566	1.0032692816583113	1.00138953439202	0.43299544664057854	0.5708809315539438	1.6144336131158334	1.2132829897356638	0.25173390029021997	0.2676035768074273	0.7399445986243172	0.5685874221995039	0.005526730948155652	0.003840245409534825	0.007088175424953846	0.005829639782066346	0.21298411051908164	0.13109215510206446	0.11065650213213991	0.10888397398163929	0.3328097952056968	0.242074818694423	0.22891905692684622	0.34558172608895443	0.5756218054562305	0.440655125577396	1.1451168905478475	1.2603627879990338	1.0592932613488157	1.2065610519214678	1.0099335223571926	1.450171382264577	0.7049040963771287	0.7965564738208848	1.3271243371129224	1.283002066329153	0.021965940547758286	0.01584879078386965	0.018852988296469825	0.01990906378847804
MAG_315	0	0	0.006212565986444684	0.010121184573671595	0.007276975770190576	0.03798543127591396	0.03247422786685085	0.046204385829045895	0.013210061658051829	0.038977435486746245	0.054122716993517526	0.3260234952964642	0.20449720774427074	0.05931212227738659	0.06829353567532354	0.06591241441383253	0.0527886500357935	0.019443245079067244	0.019199520954302517	0	0	0	0	0	0	0.015537028827420526	0.01640649834558267	0.015604120003988363	0.009065277923205908	0.07315193458111888	0.06583803421707504	0.056775019242520555	0.07386417672374522	0.07922869953571186	0.08179320849873312	0.15404252254989942	0.1820945643664561	0.003073498959438142	0.06432434351568168	0.012593689545745189	0.018277314598000666	0.073399038062179	0	0	0	0	0
MAG_492	0	0	0	0.0024558342689327585	0.00577206791856002	0.006463990029284217	0.0056789979223343156	0.00931045092614192	0.005957202978661908	0.04931668648460797	0.0621644333450004	0.11991879773642342	0.1335476999915568	0.12573342736975598	0.13863108580652694	0.23710414318221068	0.11997366558470564	0.3112094088104673	0.5311053548771015	0	0	0	0	0	0	0.017997466620648304	0.018626464318974075	0.04209408395130074	0.03493885039529597	0.1323909563241822	0.15148034336457453	0.12134037193730703	0.13680386723383578	0.6949961701247102	0.6114835515696281	1.1009768242824398	0.7113418000179363	1.077642348327081	0.9558021719930255	0.7780119051390757	0.6738031605873493	0.6746509245890476	1.0539246028150213	0.002493777949386201	0	0.0052054901963097325	0.005745813750960581
MAG_81	0	0	0.004274082084255105	0.01131237710431736	0.02576784212873163	0.01551707211448429	0.014596270258534064	0.03503056886252031	0.03682738990018083	0.10281725831883615	0.1304472603240437	0.6838392962937679	0.6750018451965184	0.31430236246296767	0.3250173072843649	1.213148637313245	0.7793284547762481	0.6375572319174672	0.725339115005877	0.007961734112595837	0.005646274747408469	0.01829538806002211	0.016594286069205228	0	0.003177774920695626	0.02063892456094191	0.021013294143234298	0.05615496116077679	0.045797045445824476	0.11755361378564298	0.13953768244817225	0.14985082583351775	0.1895379475657581	0.49520117531135077	0.443534370134425	1.6586410770214035	1.2590174540731156	1.0069481406709968	0.7510395555400624	1.619425391112131	1.5341246449729617	0.553406665455221	0.9500909730847713	0.027685393166282532	0.010294507261236879	0.05144630683054958	0.059086783007075136
MAG_1117	0	0	0	0.005280926330200392	0.005402065534332368	0.005692708444275519	0.004631721697263789	0.016811776805530455	0.005181844623016493	0.06738459223224459	0.08157890865082763	0.018089392900821625	0.017955065722560875	0.10197722738715624	0.06345884161834761	0.009624948219009598	0.0062468599778720425	0.04424916178781159	0.07806345177668012	0	0	0	0	0.0032314643903802428	0.006320602838592174	0.02956620318503114	0.03202857024052893	0.11647903915571356	0.07453219572960365	0.2508934174460584	0.25663414015623254	0.3027197107864421	0.301256698891135	0.9212022903990577	0.8057807582641969	0.11187115934619465	0.2931604636256652	0.5226382392921032	0.8826761183381329	0.13114101043607101	0.12920857268713845	0.8526016418677901	0.5848540913307351	0	0	0	0
MAG_1220	0	0	0.007530962679406665	0.008393721946095443	0.00708155023021989	0.008954836503149698	0.008684922641004983	0.017936442939209686	0.006043654274342174	0.022948631275202448	0.023735084062313096	0.006341944589478889	0.0043252625512423	0.021500753291208225	0.02895600894768104	0.002787267059672656	0	0.03408863674084581	0.03302054717182306	0	0	0	0	0.021831076444592597	0.04479802522369715	0.19456138520830119	0.19522644603047018	0.20778798373390037	0.1523916164391802	0.48634850845441263	0.5029397921669435	0.24701208200332153	0.4537230671895255	0.4251438061568047	0.353024432923929	0.02493557916916263	0.05407391387945916	0.02849990199869009	0.31304312012622193	0.0044118392093501265	0.003998435890397991	0.2660217216553464	0.013235098409255483	0	0	0	0
MAG_1283	0	0	0	0	0.002015405904449338	0	0.0024743612417954994	0.001415299590875424	0.0015185182673229836	0.003919079764749058	0.004029411407170932	0.05959143885492148	0.08885281217336717	0.011800552789886726	0.00896985727669843	0.22796935238278454	0.16215162955140755	0.047672975584691184	0.11270088113634147	0.17279079132758532	0.22591901614589086	0.34679821119715687	0.17636197538016596	0	0	0	0.001610002749742464	0.003459393890986666	0.010318707548596356	0.003727495050502208	0.014153145059533996	0.013826231125075552	0.01099627969751676	0.09988273246046651	0.07816082111220486	0.8060738654327432	0.6909594391980237	0.5378158290140591	0.18162016087333516	1.6974744304537293	1.6544116604859362	0.14007611910343795	0.8035249089304073	2.384361374083577	2.0649972610185743	2.2887996083309967	2.40314347685139
MAG_224	0	0	0.0045740122384997335	0.0034117556372371093	0.002927089291268839	0.0038881740449317487	0.0033587836655250745	0.007051285153311078	0.0035087180431627573	0.007950230996216707	0.008168794363962688	0.0032562019156843324	0.0035537017155794154	0.0090253517066782845	0.009963446608740342	0	0	0.002072060399373093	0.004157483675496059	0	0	0	0	0.03234520786737637	0.06368075648763613	0.16464094692538891	0.163072068488193	0.21397076161755504	0.1579513338971075	0.3582447850930679	0.35795545373600673	0.21633520302014045	0.383488890274663	0.3175608671795887	0.2808186605329963	0.015107407275638432	0.03105481275666858	0.007161841280799038	0.1871899784410185	0	0	0.1722808841934271	0.004565607335203412	0	0	0	0
MAG_352	0	0	0	0	0.005919838727201078	0	0	0.0035788427955765873	0.003951104595808389	0.008154691935353349	0.00965506647485225	0.30301080975127515	0.2962613202356299	0.022898405915007396	0.04145582592668304	0.9845640698923095	0.5761081243322211	0.14900859048860465	0.6077143170621033	0.9581226098903717	0.7073573363530039	0.9253760550526668	1.166903696409106	0	0	0	0.0013465784561411793	0	0.008730434606966684	0	0.011226835576213828	0.007776369510674475	0.003951569256146668	0.020849496784109158	0.015832350284351825	0.30227603316557494	0.5196370687109712	0.39246630859245857	0.06445300185590164	1.4937078629587088	1.4066097245914673	0.07335191570077221	0.29171083358424993	2.3793171264284303	2.2787278588778936	2.452913534509253	2.509017060411367
MAG_544	0.03730161516985985	0.0322964175702494	0.022927079343614192	0.03859381477046876	0.047234591083215614	0.03798929372904424	0.027502682107559556	0.10250984535540017	0.027918022918472344	0.18800124677466906	0.2460646835642774	0.22138963810728154	0.17975011179464845	0.33352410944745037	0.28009835109288894	0.22867593143840875	0.13227706127977473	0.26627175872003805	0.4805604778624865	0	0	0	0	0.4540561857945309	0.6297848953855474	0.6909638638576863	0.7412478690003662	0.668655877080535	0.5183373797504858	0.834878790561266	0.9385069147885333	0.761086350431617	0.8456884230803767	1.7492081504270243	1.79261836693646	1.0794335806937843	1.2692323154877234	1.4212229435522208	1.9517314580242366	1.163123121922375	1.0582694154620156	1.818923983500159	1.7021191851428528	0	0	0	0
MAG_728	0	0	0	0	0.001922454100369454	0	0	0.002712654024972607	0.0020270671105573797	0.05366271209905028	0.08055284583862571	0.3958512224509635	0.33697920095022155	0.18608010127471514	0.32290930302676474	0.49800837262134434	0.3474706036653879	0.47745163635208454	0.7168961773532245	0	0	0.0014970036307196725	0.0013331751269876138	0	0	0	0	0	0	0	0	0	0	0.01784534443973821	0.01024198039851246	0.18904479674704044	0.18550520028538253	0.40489027625732193	0.05261829134126056	0.4230850937361546	0.39867293342576704	0.09388023974535295	0.15770683492002252	0	0	0.0025199761912243286	0.002826787468959329
MAG_952	0.0022829972773905217	0.0028158833765004588	0.019159524471448836	0.011244344741097005	0.01086010401275019	0.01566581384279913	0.010948145741561654	0.01851538837522086	0.005522843982247049	0.013042457180503007	0.0148871986996478	0	0	0.008395953136772044	0.010285351460170216	0	0	0	0.0014689318910883174	0	0	0	0	0.03803541096010116	0.059632361218085544	0.4582459844967608	0.47770303758341376	0.19559765477798013	0.1851534099767587	0.7606780638627925	0.6258711772681244	0.28522703882136385	0.3783306561531812	0.27664444635731916	0.257534419521695	0.002480126143026824	0.005729390352731669	0.0026397580708583676	0.10601248707826369	0	0	0.084529353148603	0.0020912088976792927	0	0	0	0
MAG_908	0	0	0	0	0	0	0	0	0	0.05282431128283419	0.05767737754387664	0.16812436862796934	0.1372971507486843	0.1380753992213281	0.20028294757037993	0.12362740843483135	0.057710899636004905	0.37784759115242994	0.4945256785105222	0	0	0	0	0	0	0	0	0	0	0	0	0	0	0.017365018544436974	0.02087567000732488	0.056430382278161405	0.09058543575900668	0.20404177244638544	0.04559015435695403	0.035371439194861624	0.03635467247959997	0.07516008242013278	0.02929833142876345	0	0	0	0
MAG_1316	0.06519187952748677	0.10275239045424298	0.6591088591868877	0.8052019744545758	0.7477167545773168	0.7264842245978343	0.6655629600481234	0.38163936251333963	0.7321545536501612	0.6817137320813506	0.8500694303221572	0.3326058431744558	0.3757276813142045	1.1033420855230625	1.0735620004527708	0.24133502257173511	0.150522362580822	0.684867599227183	0.5807914218063724	0.00621847146651377	0.00421444274718602	0.0067610621220722065	0.00676008306349341	0.5239442984296865	0.18201359271121742	0.18203433221559104	0.15757399644398265	1.4942318435448503	1.7420096497367163	0.3057861992888482	0.3691536480379457	1.010337568541945	1.1373643022553181	0.6675432547247697	0.910584039636209	1.1767080561291101	0.19318997267871793	0.4595288535829259	0.6375247923107998	0.2405660935517687	0.14674208958431798	0.618636057921217	0.4966926318690781	0.002309646711391988	0.004855720882783304	0.0036109490691549613	0.003228079340991992
MAG_672	0.15038977935582287	0.16249519871620213	0.4825332422750615	0.5019985152223965	0.4671829423461667	0.2994976082727083	0.26300440568722	0.10891636711794549	0.18771074234501087	0.1865443864185542	0.2615703494003085	0.21306948184573496	0.2474305870352544	0.37404925761940655	0.39679573075031516	0.15911445133297855	0.10072908009853573	0.28111694407970966	0.2905106881437551	0.008789903362103047	0.005171490362555932	0.014184538090543286	0.014390906392604598	1.2527819683148702	0.4854692304219108	0.5143890472245113	0.47200531204135743	1.1872074885256478	1.3677595223401253	0.40763331584601004	0.5921415242777451	0.5733584999416865	0.5435804201691121	0.4610835256511766	0.5681508830198024	1.1286896619300757	0.217022745341505	0.3087191580788845	0.4432831713411535	0.1946874661366609	0.21301066659909934	0.3177347090477456	0.44292992159716876	0.005099852616846035	0.0062245204156894844	0.005046461168276804	0.007408037010525673
MAG_803	0.0067295804935829815	0.007954841187337447	0.054291069267074984	0.07823522901385896	0.0683724777492141	0.0763616300437067	0.06793891760596706	0.03609351124273408	0.058817649990444865	0.2097482819483588	0.31437356400062966	0.2825260127923563	0.38554566678949237	0.6580838335717178	0.7047944865775274	0.22925202454548776	0.12482331463066625	0.48746853846190524	0.8909041215230367	0.014088814908401104	0.011638864872924436	0.025231203134198105	0.02432270125477945	0.10511076947384418	0.03335554954364243	0.0609139446644253	0.055221758009853475	0.375478160225354	0.4150374797549707	0.1893359483286603	0.3123092926602148	0.44533358577567955	0.39540041524924474	0.7921738094405489	0.8457190289742716	1.6904764441102862	0.6906478598583801	1.0781216487455134	0.9352812648050676	0.900790420330682	0.7366295690917203	0.6693061277895697	1.116476076845537	0.012186940646982324	0.005254571526992512	0.02581712545457109	0.027599887733366083
MAG_1225	0.009628026443434011	0.007493685373124037	0.02362108260955664	0.021588343719845148	0.02791691624918082	0.07107288808512562	0.05682081297029856	0.09060385879254876	0.04917745582900099	0.10460373337033463	0.1501528046777298	0.016815609813661703	0.017290149154866808	0.040722330353947095	0.15326881681463386	0	0	0	0	0	0	0	0	0.029054072945393035	0.056321056632013616	0.14774774471912022	0.1562873555091143	0.17239357877429343	0.13587313859590414	0.36789345051505196	0.32531457795532664	0.32860990937053175	0.3739313028314534	0.4853472921292379	0.4009538007796233	0.005953080203620812	0.01851884379473966	0	0.2043688198720329	0	0	0.20161848435014723	0	0	0	0	0
MAG_1549	0	0	0	0	0	0	0	0	0	0.0024376372467507005	0.0024563172811600947	0.07839821161542483	0.05303479344740418	0.018173988057496548	0.01915044113960321	0.20451482912173738	0.20001161922820823	0.26654282978312754	0.2104326125269522	0.05908698284354707	0.05439006872837366	0.06681653231126772	0.0692831637480756	0	0	0	0	0	0	0	0	0	0	0	0	0.006241116154438762	0.023653280476696056	0.023937971823078993	0.0018337212051414739	0.037183861332143305	0.049166926518916944	0.0027140426520273525	0.011610802991105946	0.04037499286990169	0.007983908116596387	0.0314905856313675	0.023292157288513474
MAG_395	0.021947334589946046	0.018584169591719612	0.15784604355248066	0.15293814500393907	0.1609267191032815	0.1400388083920517	0.18608905086711564	0.32094072326098055	0.17694302673185291	0.2690344538262069	0.3627408470923831	0.09381688357411225	0.09603561116081492	0.16474722899338995	0.2290535170124619	0.01740584554345827	0.01354550600379786	0.030301768891903672	0.05196384271975885	0	0	0	0	0.0755350341305219	0.16216476678956615	0.6892373822500076	0.7261621393282598	0.8645341301763458	0.48452641128488666	0.856300486298557	1.0624312443703463	1.1640203066836865	1.0102743230578544	0.8509895946855366	0.7474407919915083	0.041699297577365825	0.2535716455149051	0.03388971417228505	0.428680793179456	0.011074311821120121	0.013570984211612616	0.44218150859934036	0.010507110476087898	0	0	0	0
MAG_541	0.00862832719325888	0.009553942400654656	0.06993136669585698	0.030412554196460818	0.028389362402570673	0.06581198556244218	0.05793234394543637	0.0949997679952002	0.05107576923066895	0.1364553599126731	0.12052652218660918	0.21921255506260803	0.2396838118938989	0.1926363921643746	0.16168886759169032	0.0021085517415192195	0	0.004074340590372534	0.0027649370362225027	0	0	0	0	0.014546703803329984	0.03722704635043916	0.2623191096018716	0.2652328691609074	0.06363693670744415	0.05897058264753624	0.22970490646692845	0.2813229912850863	0.14622101151689537	0.12381010742589581	0.2835098207017061	0.28815214195179994	0.04132878288133746	0.15896583974370412	0	0.28143775723140124	0	0	0.2865358407791809	0	0	0	0	0
MAG_545	0.35269425248901226	0.31439851620141157	0.16382088658370547	0.09011280134723547	0.09943790809125354	0.10016840494893561	0.11284179536675962	0.1528823701481796	0.07948894883894911	0.30681728590040874	0.4170051581862175	0.22120686113988766	0.21670333758561788	0.26727549231279374	0.3047547562525272	0.04627275052193974	0.03392203453257287	0.09951186761095035	0.12933076984920386	0	0	0	0	0.9815384764533143	1.5604914620526145	0.7457489285486041	0.7664764031383422	0.5322438276681433	0.3345196029007824	0.7499469912205701	0.8460021212797469	0.6293735614768625	0.5652180090068374	1.0736501439238773	0.9623616212123848	0.09332609462662134	0.5314734819891423	0.12096652297911022	0.7492928456318281	0.038777085919115745	0.03710043040316461	0.8417356628644508	0.05662117399690873	0	0	0	0
MAG_1092	0	0	0	0.0013505357159504527	0	0.001418834078719479	0.0015394356606475625	0.0055730879557019785	0.0026797215369537275	0.01231570342967305	0.021708403288194837	0.2467253344790345	0.18257718245226526	0.0852932593704835	0.06663521840581932	0.3201269196484901	0.8197983775768383	0.5716138369065176	0.3231241169588505	0.06908928817204682	0.046247162050102514	0.43324452883623443	0.3381103227965958	0	0	0	0	0	0.004618064307518888	0	0.004217464182067497	0	0.003863341277474978	0.006125500357365368	0.006481540361658495	0.0484628153585606	0.01623530824749315	0.028459522526780433	0.029775712695353403	0.06519049293276413	0.3730264307375034	0.023384941375568	0.02605100662845974	1.7017811497596913	2.516085821369682	0.8053421430889356	1.4181038810223006
MAG_1396	0	0	0	0	0	0	0	0	0	0	0	0.005886426944690098	0.004870896897375355	0.002257295490487882	0.0018920912658359126	0.025619553579508403	0.05782455469663175	0.02022851012462416	0.009654096881207436	0.05090244316516192	0.04472913314353799	0.21025528527280066	0.17941212850910682	0	0	0	0	0	0	0	0	0	0	0	0	0.004844207557626706	0.0014778684143086597	0	0	0.006169622180303641	0.037401266656199576	0	0	0.5571452758749074	1.0561416094248985	0.14461982806614676	0.44274926786457397
MAG_1428	0	0	0	0	0	0	0	0	0	0.0021625036027093586	0.0030921585463667823	0.11675056061519576	0.10037877275697525	0.0634703233173693	0.04745764628549201	0.32694925087168886	0.3264019727192214	0.667775294190369	0.373638849796638	0	0	0.0032823632469376474	0.0034884180883173795	0	0	0	0	0	0	0	0	0	0	0	0	8.02611920863071e-4	0.0013732664378655526	0.0044753055644848935	0	0.004662955505367257	0.010520458398578339	0	0.0033896546242078007	0	0	0	0
MAG_1264	0	0	0	0	0	0	0	0	0	0	0	0.007984874866786805	0.005261400724599135	0	0	0.05733400520066105	0.048196244977197024	0.003956068432006876	0.0029999905250903377	0.09853764774016449	0.10808455708576661	0.21251978239251984	0.2450015550723427	0	0	0	0	0	0	0	0	0	0	0	0	0.002766688186165823	0.002899230865648268	0	0	0.02799373349994105	0.03417694451825788	0	0.0011556077281096543	0.2198312637413704	0.09079892848546578	0.1618676359521708	0.1514997835902385
MAG_1684	0	0	0	0	0	0	0	0	0	0	0	0.005474067913991646	0.0037920892326668487	0	9.370704123486124e-4	0.04033835182397885	0.027037204324855568	0.0054455994720434935	0.012661371471272928	0.21859144618698687	0.12572249237130212	0.3014132468995647	0.22831409697449034	0	0	0	0.0010993844553876077	0	0.0018877812192514534	0	0.002468548625182138	0	0	0.001330814673194929	0	0.04009580803066006	0.02359600568308501	0.015976316295937158	0.00426538230937813	0.13216899748558342	0.14498704165024545	0.00326103414361565	0.02454591305003229	1.078977209334986	0.8309922869783247	1.0080498869738435	1.160958721434595
MAG_24	0	0	0	0	0.00226089395203309	0	0	0.005351077413904377	0.0018442961398518487	0.0023208595208241895	0.0030464008054256384	0.17801534000350694	0.18366430490408586	0.03950010200519638	0.033303036267729326	0.4465313288027794	0.5384092941940017	0.40688137140034975	0.24048192129143506	0.14716726386896722	0.134199579338051	0.11246987913853149	0.11403624742587723	0	0	0	0	0	0	0	0	0	0	0	0	0.0017683337758231748	0.0013257324282917328	0.00469059165465	0	0.01949740621115912	0.026478178493955774	0	0.0021416951328267443	0.033435242236999146	0.014317705715119795	0.050495294370214744	0.05402896432796197
MAG_336	0	0	0	0	0	0	0	0	0	0	0	0.009593943097169624	0.007371623695460437	0.0017991819011312763	0.0015603619019439433	0.06604048013224148	0.03794390799976983	0.010123317870249268	0.02487135466383577	0.04703292780022863	0.025887148604156272	0.09701449027816343	0.06116216766571469	0	0	0	0	0	0	0	0	0	0.0011818488414488259	0.0032233792267675203	0.002339208018358825	0.0998444661910582	0.07275243811816083	0.04241288869677028	0.009648424888108577	0.27240254270983827	0.3011329671954266	0.00832464082799819	0.07415127335906829	0.37358588256559866	0.1973707146918846	0.35297688253076087	0.423118957846296
MAG_1551	0	0	0	0	0.0016096129777058682	0	0	0.0026060268603274634	0	0.002648903555169337	0.0031018008380963237	0.16395861864782968	0.12910915015811625	0.02559565350664762	0.01945708721192347	0.29735942050397995	0.32633639927706537	0.23620880397512872	0.13235159693920884	0.010671074025692668	0.010775673332658815	0.017701277869884433	0.014918494805890607	0	0	0	0	0	0	0	0	0	0	0.00358085657363482	0.0029520151127176634	0.04376696902280962	0.09011414924277222	0.05620854174314157	0.011526005657049152	0.18265192721563667	0.18438439434748205	0.012478407819519843	0.05997520440235116	0.017474645137437104	0.005397939873174397	0.01996320459903294	0.022399912213958335
MAG_16	0.003357197301474479	0.0029037423566089914	0.008557966914728776	0.0035330298933331844	0.0036652231557346908	0.009485781382611205	0.010744795380654355	0.008916832621370462	0.009557043624893633	0.015902689277045697	0.020907490239678972	0.06373596480037066	0.0512103759499119	0.039491095827360614	0.051483075028065504	0.08038985971698469	0.060243372679629384	0.07118002991123999	0.09039545868727109	0	0	0	0	0.16759963582306675	0.24865352343378946	0.3621644609315327	0.3335522920149267	0.3485239153798841	0.25124851277519356	0.6215740007961671	0.8134814922754177	0.6241629358214976	0.5017744249724163	0.9926707894572038	0.825574814266647	0.8709565309782135	0.7759947049012051	1.2154209238245544	1.0827327061590588	0.5773787454823809	0.912838018112177	1.3121432803446977	0.9772348508812205	0	0	0	0
MAG_2	0.028195776656696467	0.019966241361648887	0.05483970966637623	0.011173853331305805	0.015031788450480726	0.02753297980355547	0.027407402260706246	0.040928436855068806	0.016708664553301885	0.009419012005532084	0.009502404806699073	0.0026311118873653125	0	0.0065523089619551516	0.005928632178112273	0	0	0	0	0	0	0	0	0.5096566407715323	0.365424960643607	1.1093906594398644	1.0821521271044252	0.613987624459896	0.5665058823391916	1.1365099474836886	1.328774617302245	0.5868917089929656	0.5856687013777628	0.529321338600467	0.43361437373022615	0.0096778313523137	0.008932114627121535	0	0.1598011742443386	0	0	0.19466146432669806	9.990417915198616e-4	0	0	0	0
MAG_293	0.0026199332756258113	0.0026404619101900125	0.055587156951010554	0.0049759670161941705	0.005977667393494742	0.02579734361369918	0.024189988735186373	0.017244770532677214	0.008068185480760173	0.009295222256976597	0.021724365847735346	0.005173643993892736	0.004254063029213991	0.01316535513931583	0.02337517539486602	0	0	0.004356139233493182	0.003713162670976773	0	0	0	0	0.11394182408471405	0.10004735076224683	0.3534627202680015	0.3391652073184873	0.36133669507241634	0.30562678371387414	0.8649022750640679	1.0816875702167645	0.4259795734907544	0.3668797354833394	0.5022662667600002	0.38331910565189614	0.018343691016994474	0.013670120680334893	0.001467895514036467	0.1889313803668743	0	0	0.2559093222350527	0.00124050435621384	0	0	0	0
MAG_112	0	0	0	0	0	0	0	0	0	0	0	0	0	0	0	0.008326143267387792	0.010456175169584407	0	0.0029239039236952052	0.19177327326061763	0.16971169393531968	0.14741108253390392	0.15060388595500648	0	0	0	0	0	0	0	0	0	0	0	0	0.00381508161265552	0.002758995170139736	0.0014862054493543996	0	0.017948301252703337	0.018079233301565353	0.0010132976404976521	0.001494813309691361	0.24664955577329123	0.06809262905697261	0.2616884746345096	0.2812915917566231
MAG_1224	0	0	0	0	0	0	0	0	0	0	0	0.0030476614583188756	0.004040980529180671	0	0.0010708494360273989	0.021323396810396605	0.02747452679340394	0.008206120503293432	0.0075446311598885004	0.2690764946558817	0.19963648448666024	0.22850228760553343	0.23751900753525704	0	0	0	0	0	0	0	0	0	0	0	0.0019436509860466414	0.007656028676347008	0.0023072622222349523	0.002443390388980471	0.002202363017198227	0.019424670585422212	0.008046540586031282	0.004052684070946772	0	0.11914275082459237	0.03738815427326163	0.2666426376243917	0.15087904815766986
MAG_1627	0	0	0	0	0	0	0	0	0	0	0	0	0	0	0	0.005997980497323588	0.004410334162904379	0	0.001054840560026685	0.24068983105013514	0.2508045927813165	0.2584414572333762	0.2586255148142975	0	0	0	0	0	0	0	0	0	0	0	0	0.001049615261125733	0	0	0	0.005769351638737222	0.004873781508277012	0	0	0.3209309294186057	0.16057278248157458	0.3501441345521832	0.4034133179589704
MAG_334	0	0	0	0	0	0	0	0	0	0	0	0.006646406624216274	0.007174947989184889	0	0.001335269730455504	0.05808931463954077	0.0516353755711102	0.012670664023096755	0.013629404260179272	0.4428088493127218	0.3377179889209314	0.4720383702555034	0.4557118617295809	0	0	0	0	0	0	0	0.0016487165196691885	0	0.0014174497432962567	0	0	0.010501691202349102	0.0075977284252506825	0.0029706108632626886	0.001563962872247471	0.05120901733633961	0.051825115945392956	0.0011505021185532452	0.0021450944389576777	0.7067164995232527	0.23597298110633924	0.8038814765618243	0.7942991727933338
MAG_428	0	0	0	0	0	0	0	0	0	0	0	0.013589924242908035	0.014262802922679623	0	0.0011749778430975794	0.10070038107828794	0.07874275849021697	0.01682089910475907	0.014699947406971964	0.2701325515041068	0.28535143111599826	0.2667004955675632	0.2844156961482409	0	0	0	0	0	0	0	0	0.0017118963689089254	0.0015216092652362222	0.0027828785988911905	0.0022248892972033876	0.022777577153140084	0.017072643494784098	0.006647797349133853	0.004388556184991714	0.08824283759733573	0.07868075602290932	0.003929385841844549	0.008300900994312096	0.33823719245564743	0.10534785607769416	0.36833881771948773	0.3391525342692555
MAG_522	0	0	0	0	0	0	0	0	0	0	0	0.004868910295530198	0.004788633172873201	0	0	0.025503869773721537	0.022761197388753034	0.006042417769210298	0.003913123734898063	0.20962792128851837	0.17119301362116718	0.20062239520480343	0.20104502357445878	0	0	0	0	0	0	0	0	0	0.0012071600889851932	0	0	0.0016641251753003448	0.0012681020186585366	0	0	0.007432768411001788	0.007512838819286742	0	0	0.22566931887610167	0.0702159365711633	0.2699832049503425	0.2631460511003614
MAG_591	0	0	0	0	0	0	0	0	0	0	0	0.007063480382493247	0.00818911448510063	0	0.0014065888898634267	0.049410492678292825	0.04827736985575609	0.017511499764844986	0.010777515374374451	0.16638566054830273	0.12285362512846372	0.13774571114634632	0.1236852808653561	0	0	0	0	0	0	0	0	0.0020585984315027914	0.001266434732896427	0.0021742363342040784	0.0027543478988144125	0.007706078758740779	0.007976213267620538	0.006816917927433772	0.005013696890377192	0.054491120885821455	0.029300807798791496	0.0076837449781242415	0.0043967509092310425	0.23910473913225672	0.03944069857009969	0.39810455222434993	0.2768257527896654
MAG_616	0	0	0	0	0	0	0	0	0	0	0	0.0025590627041178716	0.0034474457243517114	0	7.763453959125143e-4	0.020480471037605398	0.022813695359673748	0.0035190771781933145	0.005664020110473773	0.46931109574976126	0.2947512071377267	0.4004111382908142	0.41553450777995005	0	0	0	0	0	0.0019427675045052622	0	0.0025677889064504877	0.0033308966991448434	0.0034693328989392957	0.00450181938804097	0.004517654813165985	0.03494929593325313	0.01346990315312406	0.01255854235203564	0.00933755997912137	0.09651149430066738	0.08072323667652243	0.008280606946671952	0.007322527735539626	0.9963882195856993	0.35763216365772366	1.222129990390592	1.0998276498174548
MAG_712	0	0	0	0	0	0	0	0	0.0014926865888543498	0	0	0.0021755897873577314	0	0	6.982511259333983e-4	0.00959723436352327	0.0089889877227823	0.0032269926539795404	0.003085333758991528	0.29648370419871767	0.23920544175059377	0.21593380745946728	0.19286362672643434	0	0	0	0	0	0	0	0	0.0016868267075468473	0	0.001819968252613684	0.0021079301533591826	0.0019732366873361456	0.006890280999365074	0.005158687660721156	0.0038393218625724203	0.041282746277859855	0.02415688765197424	0.004705937685298895	0.0024877420022205434	0.5073116730665055	0.0876513016941338	0.7459602420162695	0.6368418204132704
MAG_895	0	0	0	0	0	0	0	0	0	0	0	0	0	0	0	0.009713794959967154	0.009026727234905527	0	0.0034449356893330807	0.21438714161345254	0.21173400528424002	0.2045473324945968	0.19299501721501153	0	0	0.0013022758705654545	0.0016701133839162015	0	0	9.054022996088358e-4	0	0.001712666748671878	0.001763397001204267	0.001761732836988229	0.0013078308163323507	0.006720611315445733	0.0057065899983792835	0.0026033441570340113	0.0023243682619020736	0.0284772855743395	0.027121928679416187	0.0020532608165518716	0.0026549662559439075	0.41725644953155855	0.29153456705565495	0.424977013410238	0.42492440850055074
MAG_611	0	0	0	0	0	0	0	0	0	0	0	0.008176876043085389	0.005584070020185636	0	0.001058015703942909	0.03755462888998586	0.02566529645317816	0.006368145650345703	0.006306527982229557	0.09550820565045814	0.14771078816613345	0.22408095181704085	0.2584177564699012	0	0	0	0	0	0	0	0	0	0	0	0	0.0028286290541242026	0	0	0	0.0015885396025978984	0.007881918905878927	0	0	0.17182247548812704	0.6040662635489067	0.059007112942230114	0.09808730184689142
MAG_1170	0	0	0.006018099159762656	0.015279911295845942	0.017833127339065395	0.04479503807983651	0.06688129968754812	0.0651798217103942	0.050336610661572995	0.3976913170062536	0.6199260073914382	0.3685313501448639	0.4574455430272436	0.5453111049216643	1.0969892389018128	0.18583094999711508	0.16816655410105252	0.24739823778503173	1.1617087705666986	0	0	0	0	0.006136366930480338	0.008447954335682057	0.04668283101611294	0.04776972941722505	0.17358096890660357	0.08928141051282444	0.35859652252347535	0.535032362241088	0.8658159234881634	0.4517486412378191	1.6622567126457308	1.6711747625540814	0.6777780786496412	1.4289005869523577	1.0975862291156666	1.70696552283011	0.7615745054889188	0.8354189272613854	1.7556995554810937	0.949827127555167	0	0	0.0014487918940051016	0
MAG_403	0	0	0	0	0	0	0	0.003353605374075365	0.0019121304128826978	0	0	0.0652521851688055	0.05116164807255465	0.0032149096355368434	0.002669878001684104	0.2955937524102072	0.44047867593130974	0.023473314426441256	0.01752506797883319	0.3732541954621144	0.3856530183672159	0.20652840101146824	0.24306672036454813	0	0	0	0	0	0	0	0	0	0	0	0	0	0	0	0	0	0	0	0	0.003157127324632817	0.004597714792207425	0	0
MAG_996	0	0	0	0.001246978399169323	0.0054034169134221655	0.0015076305537133116	0.0013733535181951137	0.010702929757770952	0.0052279984695940565	0.01076380385466608	0.014829990085835704	0.7339855749457219	0.6701277395619835	0.2773141861844833	0.21796329291446395	1.513217718692665	1.4723813192994153	1.1329549696985954	0.7902527476914631	0.5619571020620237	0.7359208054102084	0.7088055459789664	0.6595830391963813	0	0	0	0	0	0	0	0	0	0.001254999159009987	0	0	0.008936337727935832	0.03611641904505684	0.02890270064618991	0.009193803174095854	0.06322439242354408	0.093178737166207	0.006448797535340087	0.01327058991521495	0.14586966956856048	0.09455878848965314	0.05598159043261354	0.04611773545834439
MAG_1425	0	0	0	0	0	0	0	0	0	0	0	0	0	0	0	0.005191383420432496	0.005551349705503367	0	0.0012699617570930259	0.022958988781407303	0.01827863130988389	0.03663115159260165	0.030298522755608903	0	0	0	0	0	0	0	0	0	0	0	0	0.0030442483702802937	0.001642259752948306	0.0010482022440293124	0	0.006290773229091457	0.01890113479938697	0	0	0.4205832903078868	0.7481364713302925	0.2677889396601024	0.3088148441253287
MAG_631	0	0	0	0	0	0	0	0	0	0	0	0.0029592682433502047	0	0	0	0.022938100675566488	0.0174575483742153	0.004826703005080699	0.004559761070808302	0.07923031623449196	0.06094626420162363	0.10357266039664123	0.08094735374247748	0	0	0	0	0	0	0	0	0	0	0	0	0.010788634823731677	0.005493217615423647	0.003056938000275731	0	0.025386310462941507	0.05279174524908916	0	0.004198212162128683	0.5905963252184196	1.037743045267588	0.35953641601973585	0.40212236068140716
MAG_775	0	0	0	0	0	0	0	0	0	0	0	0	0	0	7.470584123628599e-4	0.010901932392215147	0.011860223667997247	0.0030664296951741637	0.002906442301615247	0.08345309798364842	0.025060947673504554	0.2472447695532147	0.21768424437936063	0	0	0	0	0	0	0	0	0	0	0	0	0.005926386230521459	0.002175748042671739	0.001569673917063651	0	0.005209372626090856	0.028637764624356223	0	0.0017919004869549487	0.33876899704655056	0.7881192122895627	0.12645363050487893	0.19461224094205412
MAG_418	0.0027321135764281626	0.005738221570793107	0.06831731374919923	0.07996673247980218	0.050031951879446535	0.08825280776214404	0.0891275612913323	0.03237196488736115	0.07569858346057083	0.17187462715601856	0.20394298658198656	0.006988564993173044	0.007325416996988272	0.23485405097285622	0.23327229001412772	0	0	0	0	0	0	0	0	0.010641629474967471	0.012941888313358088	0.08986092317380838	0.08847021778042638	0.04659529052893966	0.0760508816962876	0.2243227757556884	0.18110267258965598	0.25061769673095063	0.1400672609780814	0.24049445401972344	0.25587194257290136	0.0032544058718794	0.008237258441540168	0	0.11648336478329738	0	0	0.13448545486237448	0	0	0	0	0
MAG_1199	0.001201608679044535	0.002267257228772024	0	0	0.0019979749181616934	0	0	0.011866514591997017	0.002976266322077475	0.011479643037155067	0.014845273623600906	0.5299095045905036	0.5086848038454186	0.11960770770713373	0.10222200167129926	0.47500690446384497	0.49262226336051573	0.7919286919514118	0.48195162927008806	0.05008633900985721	0.05173774910291897	0.046604524063954975	0.05091484068298057	0	0	0	0	0	0	0	0	0	0	0	0	0	0	0.0017045857678504677	0	0	0.0017549506728412295	0	0	0	0	0	0
MAG_1249	0	0	0	0	0	0	0	0.005933322377987661	0.002034751887611618	0.012754035411620077	0.017294859001552705	0.2386965184449978	0.31341266810251805	0.18003790958876337	0.17616845690858365	0.34231679529415276	0.5363250522562779	0.6680319418007142	0.43548749219942495	0.0584599049772551	0.0632933211978112	0.03452815105461413	0.034600387599631834	0	0	0	0	0	0	0	0	0	0	0	0	0	0	0	0	0	0	0	0	0	0	0	0
MAG_1515	0	0.001802904191086109	0	0	0.001970933434029343	0	0	0.00905856057194462	0.0023945828965711772	0.002669315605062142	0.004045872110391549	0.34283596650032006	0.39387610089129554	0.03769590988526683	0.03546628950134811	0.5617902791576617	0.8436559079507072	0.560542124467511	0.3409334847245814	0.06181274771524112	0.059656039951252904	0.03381885125609591	0.03281494186234387	0	0	0	0	0	0	0	0	0	0	0	0	0	0	0	0	0	0	0	0	0	0	0	0
MAG_453	0	0	0	0	0	0	0	0.0048374203926815585	0.0018193029642980707	0.0012594567512760123	0.0019351409064751383	0.13065262168682376	0.1395015345589428	0.018289195380724488	0.016864937094843446	0.3219740221622317	0.47796200221994106	0.2662320288602453	0.16592939474419344	0.12507896882322797	0.1332407954052404	0.06569088191477382	0.06673892659385987	0	0	0	0	0	0	0	0	0	0	0	0	0	0	0	0	0	0	0	0	0	0	0	0
MAG_657	0	0	0	0	0	0	0	0.003139152201998699	0	0	0.0015464783856378836	0.08461094199942894	0.1356440668558726	0.012982331669821334	0.013630401573831101	0.26256507507292254	0.4685087624889621	0.18138856335757175	0.10654515769228613	0.15923842953690434	0.13402056171181367	0.08159555369153768	0.0841662434328806	0	0	0	0	0	0	0	0	0	0	0	0	0	0	0	0	0	0	0	0	0	0	0	0
MAG_756	0.0012939400983242612	0.002596639112775565	0	0	0.0027133698802119	0	0.0014308723137758505	0.014475152646770545	0.003382678087962225	0.01052570192914307	0.015293395582651642	0.5883083066012053	0.6243042621151887	0.11068874838075453	0.09972010088391146	1.0019078306428308	1.264651984654028	1.1190924641544429	0.7552658386892794	0.07417378998768072	0.08765992746862851	0.04464466344252516	0.04531124832450274	0	0	0	0	0	0	0	0	0	0	0	0	8.998082511059435e-4	0.002042627615068849	0.003290832765242784	0	0.0015471386635241171	0.004507242106142208	0	0	0	0	0	0
MAG_877	0	0	0	0	0	0	0	0.0020538884263839735	0.0019721189943604704	0	8.593864216837879e-4	0.06483072844085845	0.07174023735211604	0.009607050156913202	0.008180606408287447	0.1847405702868606	0.26749879861889947	0.15837497918360463	0.09028065839396032	0.2537466236498744	0.3118136252385081	0.1444806872185095	0.1361115050200623	0	0	0	0	0	0	0	0	0	0	0	0	0	0	0	0	0	0	0	0	0	0	0	0
MAG_1302	0	0	0	0	0	0	0	0	0.0014464835380881159	0	0	0.019270541646066706	0.022492486770481965	0.002561257178714023	0.0020120234226651745	0.0959816543148484	0.12271664978744158	0.03813672488869299	0.019349459925473125	0.6535013690651658	0.7122551548758946	0.5848305777563809	0.5514173236104625	0	0	0	0	0	0	0	0	0	0	0	0	0	0	0	0	0	0	0	0	0.002616347077098075	0	0.0012299722738838273	0
MAG_670	0	0	0	0	0	0	0	0	0.002176331870855024	0	0	0.005138298305866382	0.006367582547548882	0	0	0.04270357363950339	0.06696416438490192	0.004459406052155748	0.0031406169954880103	0.5305439886886669	0.5577792682793814	0.24204289233878074	0.23846884480361424	0	0	0	0	0	0	0	0	0	0	0	0	0	0	0	0	0	0	0	0	0.003632194587489737	0	0	0
MAG_102	0.0012475148296907555	0	0.003651820977700978	0.039248698338615426	0.03388308467183395	0.04682729996368185	0.05581375140872553	0.16242090419345176	0.1329591601807629	0.15068200521082514	0.18521811604622013	0.3587923716056843	0.3793042919008175	0.12816403283540273	0.09523250406036964	0.029644916980165803	0.050237718813630074	0.06203248677989729	0.03118213441005772	0	0.002419972004320111	0	0	0	0	0	0	0.0013676582289735876	0	0.0012486016724009312	0	0.0027466032296592324	0.0012892935038213587	0	0	0	0.002302507194665526	0	0	0	0.0012999283269472849	0	0	0	0	0	0
MAG_1454	0.0040934122448366425	0.004251398982811516	0.017373995261280667	0.02516361384698488	0.024204793138002764	0.05865214788578328	0.08490220792220089	0.1032138948150186	0.0827076366707573	0.179024895438998	0.21854715605550043	0.13873605111122891	0.16350576991056215	0.22755454456368457	0.19062292158883892	0.025596666249709434	0.05101395922711702	0.2881174401655027	0.1608141466809608	0	0	0	0	0	0	0	0	0	0	0.0016641081037330752	0	0	0	0	0	0	0	0	0	0	0	0	0	0	0	0	0
MAG_1531	0	0	0	0	0	0	0	0.005139563387963787	0.0071159420230191795	0	0	0.06776563901180532	0.06151864088579566	0.004060604873803598	0.002965352194080208	0.26441557447638353	0.343947349647245	0.06432133818005993	0.03468682946435442	0.6407857896445408	0.7357546521669011	0.41714321941606824	0.4096253091257974	0	0	0	0	0	0	0	0	0	0	0	0	0	0	0	0	0	0	0	0	0	0	0	0
MAG_1208	0	0	0	0	0.0031821723148409316	0.004054579472094845	0.005808959875478558	0.007541187136068773	0.002914793160051282	0.07304518044778166	0.09141113384881258	0.15072059810297306	0.1064712355800078	0.2642565345331466	0.265147326616395	0.11547863678985384	0.04995102534738515	0.2138331113671805	0.2909446419791025	0	0	0.0023539436993632186	0.0018010465415426392	0	0	0.0011311251366924562	0.0014584173921621448	0.00514120572398964	0.0038441067450661506	0.029365328186840622	0.024819996671796837	0.05011137955130311	0.04112624071268817	0.4797629765161655	0.4736401341395637	0.42746665587497695	0.6564978745038634	1.0343993678503343	0.9562013608269441	0.6266917833888471	0.6130954561790919	0.9809049001504093	1.0132973628003052	0.004754630309728926	0.002206542792915988	0.006712102356994621	0.007831490666173072
MAG_652	0	0	0	0	0.0020887482457668852	0	0	0.002844161335895874	0.0027304174154264664	0.011430408265338343	0.020639404551400873	0.1887847337290954	0.1802760328021611	0.15550189509602577	0.21955202951405206	0.4519133575315607	0.5741775123835928	0.4649093190038684	0.6805311824707094	0.4819708851334852	0.5065690775128044	0.8731431185309128	1.0043030743972603	0	0	0	0	0	0.0018355162089711851	0	0	0	0.002347166647933186	0.005469403207987307	0.006500115402128568	0.18096146562247503	0.04038254949843366	0.11110170743150681	0.03086797402828034	0.020045111619969833	0.3495682722615904	0.01397761243750554	0.03267025761083964	0.8964859045755553	1.7437673515348073	0.276886261831303	0.5475141952913155
MAG_603	0.2549062610306299	0.3859172475561815	0.41794958503508806	0.3206178967128173	0.2779999491027644	0.12914211632965514	0.1027844865420462	0.08463903053306088	0.14897833198343796	0.0764593782873236	0.1022883610196244	0.006641359865921189	0.008050888946095465	0.06270058316386228	0.072693020152544	0	0	0.01158324098885803	0.01858497940103904	0	0	0	0	0.7271770406704141	0.6044627101843609	0.44011783979970165	0.4739325882679271	0.5115071914459619	0.5638425852854718	0.3883776250695383	0.34445300539736967	0.43031376055620435	0.3500978421458734	0.22146098459238892	0.22003383314879052	0.01599755108858011	0.013078150951531423	0.02237238049346769	0.08576367476617193	0.0040815325023313455	0.0034477430973608803	0.08223124952930921	0.014960240470277816	0	0	0	0
MAG_1679	0.07692817948507907	0.07202510627955405	0.1012812808813015	0.09028689329080443	0.07324009923237047	0.0871308840150474	0.07742147215853197	0.05402049354697377	0.03409971164069855	0.02607261994205599	0.03431711398436985	0.006147656575961364	0.006169464655165954	0.01834539153390331	0.013266410736164734	0	0	0.0025175599847589466	0.0030918805073991778	0	0	0	0	0.5423342326364068	0.40562753491621617	0.7396086353892786	0.7586816118643153	0.5734905721116713	0.5546891002870354	0.814703444185381	0.9744485017470326	0.4675595198422455	0.49532439816314183	0.3830697469805848	0.3829142242119971	0.04005017674553064	0.04391013330748741	0.011137451688894094	0.17892569738461658	0.0032457022052838043	0.003683573505213185	0.16888742153517852	0.008941250615781571	0	0	0	0
MAG_59	0.0023990681333475954	0.0028557158592453454	0.01116687966639998	0.04934294469145683	0.041727798555885764	0.07568350320973073	0.07994797395567024	0.06532933024061024	0.06779772291466594	0.20769397078730925	0.259761942902466	0.06028008623557323	0.06602999583601343	0.2808173389929105	0.24423446997522003	0.047542848499330846	0.03117454089274906	0.1123136435406522	0.1362986302881992	0	0	0	0	0.008724168532216687	0.008921701995853208	0.04163140126222125	0.04254994012200007	0.16303497732218902	0.13612033716361197	0.39448100309457185	0.52450591836027	0.323456006125739	0.27605416713209163	0.9398064180118721	0.9366630400086429	0.2813742322924432	0.3511756454774402	0.49198837154530983	0.7740059859044008	0.3011212384535796	0.26649204115561725	0.7231415675323356	0.5485941464624742	0	0	0.002687773997156726	0.0026730186005200366
MAG_1037	0	0	0	0	0	0	0	0.0026174273464528905	0	0.007562184768307921	0.009190626509302318	0.09486790474239949	0.08929803027080686	0.0485033230344468	0.040639052987473306	0.3419725393272179	0.33532506458520017	0.21670518947213668	0.15175121770480482	0.25386355870766547	0.1283224998671039	0.35975483819149306	0.27725888679539934	0	0	0	0	0	0	0	0	0	0	0	0	0.002771133859434167	0.014485877219593903	0.023333677949491472	0.0013343309843308173	0.05063791317219117	0.07891928918291514	0.0020966370197018137	0.009939265445412031	0.06712430947847545	0.013530421604417558	0.024857916000180728	0.06012415778166916
MAG_1441	0	0	0	0	0.0018442925464851895	0	0	0.003658018285595032	0	0.0032145388294941082	0.004413079026619844	0.11460342605110473	0.12411805586421501	0.02567503229708685	0.020936482278813243	0.3906035062162908	0.46296135302491626	0.12742303453318168	0.08472426437370141	0.2994506898137127	0.16464099781727948	0.2765291365339346	0.21898526963217588	0	0	0	0	0	0	0	0	0.0016513167257443918	0.001244066028851206	0	0	0.009300615873697994	0.023609295282304432	0.007268307441633908	0	0.0910507485657466	0.09337984517939121	0	0.01500527957950715	0.13727727553677072	0.20338986154056996	0.07038038045103327	0.08591678147180914
MAG_1369	0.16662401758219045	0.15352509847775755	0.12176808036329347	0.11785168218904521	0.11697326788293942	0.08958117306678054	0.117414043142574	0.16943584141197704	0.07142720768481563	0.0845897526394585	0.13636016287866892	0.16220707687680064	0.1722723657209427	0.2984955356495269	0.18482517013695646	0.011678296466245032	0.011220082792710187	0.09620346252666936	0.09151619172492077	0	0	0	0	0.129900907882778	0.2527276270227852	0.1511272939989041	0.16907580959935412	0.2777044612265069	0.11737172441284345	0.209822960871084	0.2584529328655317	0.20619005753970113	0.20487878538283005	0.31445370530787	0.2855636802425772	0.02787436106575683	0.09629205215531769	0.06091791527229224	0.2763697284797086	0.0026127559784952783	0.0035350588103654186	0.27153449675883085	0.023827166004365827	0	0	0	0
MAG_1384	0	0	0	0	0	0	0	0	0.0026155031875398937	0	0	0.020520451951346188	0.030996581733300523	0.0023414972544648148	0.002455708278716136	0.11740318930166802	0.10115575201623508	0.036554279646248106	0.04664459741971457	0.9807453369908755	0.6817012551626069	0.916507828307019	0.9903548402087309	0	0	0	0	0	0	0	0.0014102596162808676	0	0	0	0	0.007262574545330984	0.0041856812015012256	0.007235019809706696	0	0.026877266446618225	0.031994666124518206	0	0.0022737440836307072	0.4756544457661403	0.3208393197016331	0.7492540361507095	0.7782418134353367
MAG_1521	0	0	0	0	0	0	0	0.002568983035524153	0.0033737703312483607	0	0	0.09756585204360675	0.1076124591286951	0.005321060016911779	0.004197231786124217	0.3611933226738074	0.3238003867925568	0.14213530632617327	0.0680206483645081	0.40731003851030123	0.4484285137700801	0.4355299311668912	0.47088957418059996	0	0	0	0	0	0	0	0	0	0	0	0	0	0	0	0	0	0	0	0	0	0	0	0
MAG_1242	0	0	0	0	0	0	0	0.010458121707547171	0	0.0038054767795624887	0.005317072284436153	0.24700509866551082	0.24173316084878796	0.04762217757666907	0.036139535620383266	0.36035433267847417	0.4007237522909404	0.4057195424036803	0.2352590375160477	0.011673926786143065	0.0125183889832261	0.01030304487988552	0.010300540809630665	0	0	0	0	0	0	0	0	0	0	0	0	0	0	0.002687929279220154	0	0.0021147101235494837	0.0043725594134817625	0	0	0	0	0	0
MAG_292	0.001314013505992599	0.0018101489913328358	0	0	0.002061016745108332	0	0	0.009758101487198226	0.004631126759065576	0.0014110601861521256	0.0016940354114244507	0.2214115162070305	0.24036869504579117	0.01522947557559514	0.011183643277972864	0.5558005190442632	0.7237220198590378	0.3180591078104528	0.16943411936303457	0.3368140781867267	0.3947633816947114	0.18802654403016222	0.18129685696836656	0	0	0	0	0	0	0	0	0	0	0	0	0	0	0	0	0.0027397328022694535	0.008339151918014447	0	0	0.0199779844692315	0.00582183667360686	0.034081177375352704	0.03345734836533071
MAG_651	0	0	0	0	0	0	0	0.006524637483965618	0	0.002723185761621308	0.0038102453867528796	0.2617513305079983	0.26861168555215514	0.04590609495142117	0.03536468630531406	0.3827511550126828	0.4868496228481297	0.5979941134127805	0.3392567847375999	0.0554935660830165	0.05591150427122402	0.04117223461903056	0.045099963747399774	0	0	0	0	0	0	0	0	0	0	0	0	0	0	0	0	0	0.002279039615194777	0	0	0	0	0.002193073954392678	0
MAG_885	0	0	0	0	0	0	0	0	0	0.009640007460319592	0.008642709952847306	0.015576897738595536	0.017919422826294912	0.03709898021517956	0.033217605504479344	0.009827701552324491	0.004854776976825281	0.03672460045439957	0.08055937417840797	0	0	0	0	0	0	0	0	0	0.0042468207774971544	0.0018839134202119927	0.0022578293838287885	0.04908915470540188	0.03095911745889272	0.08981958860318646	0.14491581225490102	0.130267481858187	0.046433802509557254	0.19172599610118402	0.24349745408112117	0.07602464915426349	0.02631393168829598	0.35344776218486906	0.11557192628808935	0	0	0	0
MAG_1263	0	0	0	0	0	0	0	0	0	0	0	0	0	0	0	0.006788424221533327	0.008196135726428124	0	0.0019675930186677923	0.2925206177888145	0.33791622927610865	0.19651690769093688	0.231363371836332	0	0	0	0	0	0	0	0	0	0.0014522340974213819	0	0	0.001427316898433104	0	0	0	0.004397746720758452	0	0	0	0.19344551385989298	0.07439800009155322	0.37632324560183394	0.21917755313006887
MAG_692	0	0	0	0	0	0	0	0	0	0	0	0.014726637800203527	0.015531903074935363	0.0019164495369080922	0.001544901125477887	0.09702132042236837	0.05551169824774702	0.007482998698973714	0.00782020532998101	0.26323590755318216	0.20524810674831465	0.38090268654257364	0.3517206717742624	0	0	0	0	0	0.002044391407057897	0	0	0.014898701605416974	0.01067873184137916	0.009078470695512939	0.01026800118268482	0.0406931055744318	0.021539920269626225	0.03951142569998604	0.018924409422787208	0.35692865575116844	0.09052003444574692	0.041853795470529254	0.020198303907824452	0.40871340666937794	0.14508737185295092	1.103408966194633	0.577275223878301
MAG_209	0	0	0	0	0	0	0	0.002436630802581408	0	0.009662069507878164	0.014163169127763602	0.012646589707879559	0.014261689910473888	0.02458383984556269	0.022980272250136668	0.009740437539978978	0.00689357064903681	0.010229052402747555	0.020913613843583787	0	0	0	0	0	0	0.001327522551888606	0.0014875844973297025	0.007857264689925416	0.0037242570374407397	0.018044994348274317	0.023488250564320322	0.05018903291521047	0.028420482757023455	0.19815086790709358	0.2055666099804502	0.08365347270074946	0.20314948345445466	0.1730788408556229	0.28475849295499517	0.10523062722268872	0.1332771265516443	0.2927078968121119	0.20046691288170965	0	0	0	0
MAG_213	0	0	0	0.011193610136329605	0.005795032914522716	0.007945597965866916	0.0098088564897066	0.022687032025815488	0.02927694019207173	0.07178425727544085	0.11833908547646839	0.10219767013104876	0.10926789788741394	0.22240041925997056	0.2819596757257747	0.10717607712821887	0.10560155060656896	0.17559976609173739	0.16624863499103526	0	0	0.004125587050426615	0.0028879610232447595	0	0	0.0011574083444777178	0.0011965675274550017	0.01723933506393085	0.013854476974669095	0.0094506119550692	0.017738352066940393	0.0804930407199256	0.04588685841497597	0.1360815257692363	0.13846434433710805	0.26217093808884323	0.2168009917407077	0.17759127831294427	0.14122339567099126	0.19498422079513866	0.24163727531126203	0.17253308059161582	0.1430811927809298	0.00875786668494928	0.003101970510973342	0.010314469497139104	0.009735956391456543
MAG_773	0	0	0	0	0	0.001413682679600398	0.001899302282968792	0.003329830157038919	0.0030378206469603253	0.0136130120692342	0.023762912260235473	0.01048627235937375	0.013676983200841195	0.03453868106563931	0.05314109180790512	0.007757643124943862	0.007461308379401953	0.018294716460062303	0.022806684125199726	0	0	0	0	0	0	8.338762285583275e-4	0	0.014812383972667218	0.00877288744360978	0.013500212659402998	0.020601357246076604	0.08167710670011451	0.04850088042616254	0.195965043043921	0.22080355966797	0.12504136789266537	0.1480392688543162	0.1597068187179984	0.2756873474983737	0.09947284026280957	0.10226495735726143	0.2812553904997321	0.16736738173435925	0	0	0	0
MAG_1002	0.003996648350465963	0.005520504933436343	0.006604323366834933	0.04965711778033463	0.041694509448376056	0.04720095919473972	0.0695774270010811	0.14979573078740416	0.1013231384077219	0.1863180020244899	0.2898758194283396	0.32721373725458663	0.4334724809680519	0.3522582295998586	0.3198908071209091	0.2216297100344965	0.49801491188071173	0.27653822226268476	0.17196400203638632	0	0.004966131331594061	0	0.0012670289796681423	0	0	0	0	0.003249012039599214	0	0.0013274403610678469	0	0	0	0	0	0.001531882868073713	0	0	0	0	0	0.0012653898564559379	0	0	0	0	0
MAG_1113	0	0	0	0	0	0	0	0	0	0	0	0	0	0	0	0	0	0	0	0.32579149286719067	0.33674336414853717	0.34632178446100736	0.33036955307034593	0	0	0	0	0	0	0	0	0	0	0	0	0	0	0	0	0	0	0	0	0.005410803763728509	0.004363500071507647	0.0011739956972924945	0.0021986056942320375
MAG_1518	0	0	0	0	0	0	0	0.001920615636438254	0.0015202328602323416	0	0	0.04457780462720011	0.05813911102145102	0.004421025150546454	0.0034662735266570927	0.17316581225678382	0.3205753117013024	0.05308932191409998	0.030278255993974997	0.3337594675310102	0.38262832240530675	0.15867803871145067	0.15945019825479195	0	0	0	0	0	0	0	0	0	0	0	0	0	0	0	0	0	0	0	0	0	0	0	0
MAG_1270	0.0020017624360442214	0.003172143129816232	0	0	0.0035756061943591	0	0	0.012161065575414456	0.005669417438511029	0.0028854165788754263	0.0038127993337517025	0.2678978260366718	0.32738053204298007	0.04015206776943173	0.034866598701303785	0.7289663940130399	1.064074431144518	0.6834037168083028	0.4275524437309222	0.4102000140611035	0.3976249206689151	0.2444936551604983	0.25734140175574266	0	0	0	0	0	0	0	0	0	0	0	0	0.001363388163829504	0.0013531243142392625	0	0	0.003136446206205416	0.005592513205123988	0	0	0.002987125096199189	0.0032418273946655547	0	0
MAG_1593	0	0	0	0	0.001633563608136679	0	0	0.004912513323360662	0.0030872797438078743	0.0024062588357376723	0.00309122324251188	0.1953822846172002	0.201685754660663	0.007574370294991632	0.014031645402322004	0.31236012639959054	0.3666041478360546	0.14239981664532447	0.1744829819470086	0.48552531101327373	0.26487131150486193	0.46394506314256406	0.536313880723029	0	0	0	0	0	0	0	0	0	0	0	0	0.0034759945251375997	0.005497219563310126	0.01922779740724899	0	0.02899635283439159	0.0566732631178109	0.0012523326040752897	0	0.07979703072819616	0.05235576841207521	0.0625615306791402	0.057831536075670056
MAG_22	0.0015850724087293792	0	0.03460187812319143	0.013320874875471149	0.014013548949123295	0.046342974145791416	0.03847084938339793	0.02605201014191135	0.010473911582634872	0.01750033690151363	0.02328790938344679	0.0036343959746524593	0.003616321818874192	0.0075031131144498164	0.007695740976395274	0.0026385124625289097	0	0.0029333973799259565	0.004113171898631105	0	0	0	0	0.008186094314570383	0.013650293383664044	0.40721361191738265	0.4525128662806457	0.12268041058180844	0.07952466889923347	0.44604585753116094	0.580401461295214	0.14573138539659716	0.18486962437737461	0.14739358197449826	0.133677250736711	0.008658388734440756	0.016496103039477055	0.010071408671468052	0.04327051700099831	0.010447111397673398	0.010223246083665946	0.042274615435443544	0.009341288989174924	0	0	0	0
MAG_1650	0	0	0	0	0	0	0	0	0.007464583942605603	0	0	0.0037369097472963312	0.003063873542190623	0	0	0.0223091744569899	0.022208121968691714	0.0031372025300255455	0.0038483550735496875	0.5628551412747784	0.6130497922247821	0.47233197903439467	0.41082534964382394	0	0	0	0	0	0	0	0	0.0017232378723769013	0	0	0	6.460819441053664e-4	0	0.0015807711227202115	0	0.02023096691821317	0.003710948903874792	0.00308760543669588	0	0.11986715570199928	0.028030762567799038	0.47891941524087683	0.09274001612511444
MAG_1053	0	0	0	0	0	0	0	0.004479652358170644	0.0016676346241077768	0.0014586277850754364	0.002093411783732803	0.15945144306816195	0.17559176244146876	0.024094256049820725	0.020897478707972043	0.3911706067954105	0.582501165672754	0.33653967720418854	0.19885985870466544	0.12767218091937965	0.1513771886825334	0.07545878368260167	0.07285072107326825	0	0	0	0	0	0	0	0	0	0	0	0	0	0	0	0	0	0	0	0	0	0	0	0
MAG_1433	0	0	0	0	0	0	0	0	0	0	0	0.0028338638122333603	0	0	7.607809927381347e-4	0.021551034216129167	0.022294348809513337	0.005048379461368468	0.005732886856252513	0.11450207251175458	0.1067334074105176	0.3203405535853136	0.28617103641161357	0	0	0	0	0	0	0	0	0	0	0	0	0.006000372106515064	0.0018158637210936334	0.0026038701856776003	0	0.00203398744435475	0.007736240970085651	0	0.0023547573814135664	0.19573720487669813	0.4024442967149292	0.0788654904097346	0.42448003963255476
MAG_109	0.002075566520786704	0	0.00643253640585872	0.004447589793194437	0.004788605306634019	0.006887087474496506	0.007481186409545236	0.00685268463179655	0.0029738221045601393	0.005943529881144038	0.006811442664269961	0.002708271021055127	0.0032639951674562503	0.006485201845777983	0.005277002100842252	0.002823980810061914	0	0.004088928625660766	0.01059236826738755	0	0	0	0	0.027315170676698274	0.04892513886946114	0.11183781558425168	0.12356309002236361	0.11435887323115583	0.04866570880613694	0.14334405806164807	0.17883203381766666	0.1420673697904964	0.09481781315721302	0.15904417000729404	0.12859589431546262	0.008995794239894418	0.04451295374209419	0.05408733791004008	0.1170572434440367	0.010263183889750933	0.01018068748735806	0.12497496936811432	0.05869918346679069	0	0	0	0
MAG_51	0	0	0	0	0	0	0	0	0	0	0	0	0	0	0	0.01774366496962175	0.02666990718604651	0	0	0.30241358393586343	0.18522743895911828	0.27588121290107	0.2296221438400657	0	0	0	0	0	0	0	0	0	0	0	0	0	0	0	0	0	0.003351450211442948	0	0	0.17898896821754504	0.23746110028961273	0.028734528640797157	0.06598772428523879
MAG_707	0	0	0	0	0.0029310771932481022	0	0	0	0	0	6.79949382016409e-4	0.015675402400769433	0.010621491712935473	0.0017139032284139127	0.001444851898602497	0.12340861349050444	0.06292593411774637	0.008129104119165254	0.015032569619111176	0	0	0	0	0	0	0	0	0	0	0	0	0.004390689002150825	0.0021834245927209147	0.004151820951087412	0.0030607742477811225	0.04051516345241711	0.135656229808228	0.07397313734963253	0.010532300090077317	0.44643937263475364	0.4427297427199444	0.010922039284645017	0.07072392701209494	0	0	0	0
