mag_and_cluster	MPA103_1	MPA103_2	NPA148_1	NPA148_2	MPA198_1	MPA198_2	NPA200_1	NPA200_2	MPA234_1	MPA234_2	NPA237_1	NPA237_2	MFL103_1	MFL103_2	NFL148_1	NFL148_2	MFL198_1	MFL198_2	NFL200_1	NFL200_2	MFL234_1	MFL234_2	NFL237_1	NFL237_2
MAG_751_14;NRPS-like	0	0	0	0	0	0	0.014587427331669676	0	0	0	0	0	0	0	0	0	0	0	0	0	0	0	0	0
MAG_929_28;RiPP-like	0	0	0	0	0	0	0.015460867800907135	0	0	0	0	0	0	0	0	0	0	0	0	0	0	0	0	0
MAG_1301_181;RRE-containing	0	0	0	0	0	0	0.02132753861032803	0	0	0	0	0	0	0	0	0	0	0	0	0	0	0	0	0
MAG_1075_39;LAP	0	0	0	0	0	0	0.037953744974055695	0	0	0	0	0	0	0	0	0	0	0	0	0	0	0	0	0
MAG_1252_3;terpene	0	0	0	0	0	0	0.045193613458826484	0	0	0	0	0	0	0	0	0	0	0	0	0	0	0	0	0
MAG_933_1;RRE-containing	0	0	0	0	0	0	0.046876869953234375	0	0	0	0	0	0	0	0	0	0	0	0	0	0	0	0	0
MAG_406_14;NRPS-like	0	0	0	0	0	0	0.04714514091708474	0	0	0	0	0	0	0	0	0	0	0	0	0	0	0	0	0
MAG_921_115;T1PKS	0	0	0	0	0	0	0	0	0	0	0	0	0	0	0	0	0.04987189975436654	0	0	0	0	0	0	0
MAG_262_124;NRPS	0	0	0	0	0	0	0.055386678709869144	0	0	0	0	0	0	0	0	0	0	0	0	0	0	0	0	0
MAG_954_74;thioamitides	0	0	0.05566034411514655	0	0	0	0	0	0	0	0	0	0	0	0	0	0	0	0	0	0	0	0	0
MAG_1543_64;acyl_amino_acids	0	0	0	0	0	0	0.05679263448228766	0	0	0	0	0	0	0	0	0	0	0	0	0	0	0	0	0
MAG_190_99;hglE-KS	0	0	0	0	0	0	0	0	0	0	0.057084218581169244	0	0	0	0	0	0	0	0	0	0	0	0	0
MAG_1116_2;ranthipeptide	0	0	0	0	0	0	0	0	0	0	0.06397436987520268	0	0	0	0	0	0	0	0	0	0	0	0	0
MAG_954_185;RRE-containing	0	0	0.034157947636847714	0	0	0	0.03298124347346418	0	0	0	0	0	0	0	0	0	0	0	0	0	0	0	0	0
MAG_954_19;RiPP-like	0	0	0	0.03484229714160593	0	0	0	0.04133118561255542	0	0	0	0	0	0	0	0	0	0	0	0	0	0	0	0
MAG_1116_26;hglE-KS	0	0	0	0	0	0	0	0	0	0	0.07877706499790621	0	0	0	0	0	0	0	0	0	0	0	0	0
MAG_1215_2;terpene	0	0	0	0	0	0	0	0.07944159013590033	0	0	0	0	0	0	0	0	0	0	0	0	0	0	0	0
MAG_101_161;terpene	0	0	0	0.09347826404654548	0	0	0	0	0	0	0	0	0	0	0	0	0	0	0	0	0	0	0	0
MAG_1408_134;terpene	0	0	0	0	0	0	0.10298934924251581	0	0	0	0	0	0	0	0	0	0	0	0	0	0	0	0	0
MAG_1392_94;terpene	0	0	0	0.109847250238731	0	0	0	0	0	0	0	0	0	0	0	0	0	0	0	0	0	0	0	0
MAG_481_26;RRE-containing	0	0	0.11054291456115922	0	0	0	0	0	0	0	0	0	0	0	0	0	0	0	0	0	0	0	0	0
MAG_548_6;RRE-containing	0	0	0	0	0	0	0	0.11424140216353788	0	0	0	0	0	0	0	0	0	0	0	0	0	0	0	0
MAG_723_9;betalactone	0	0	0	0	0	0	0	0	0	0	0	0	0	0	0	0	0	0	0.07285394994056278	0.02253868554002752	0	0	0	0.025363597836648866
MAG_929_18;arylpolyene	0	0	0	0	0	0	0.11903450272903712	0	0	0	0	0	0	0	0	0	0	0	0	0	0	0	0	0
MAG_877_19;ranthipeptide	0	0	0	0	0	0	0.12029948209841078	0	0	0	0	0	0	0	0	0	0	0	0	0	0	0	0	0
MAG_349_79;terpene	0	0	0	0	0	0	0	0	0	0	0.12080668793983311	0	0	0	0	0	0	0	0	0	0	0	0	0
MAG_245_93;NRPS-like	0	0	0	0.12328357001231703	0	0	0	0	0	0	0	0	0	0	0	0	0	0	0	0	0	0	0	0
MAG_811_45;betalactone	0	0	0	0	0	0	0.12400747975227903	0	0	0	0	0	0	0	0	0	0	0	0	0	0	0	0	0
MAG_621_31;RiPP-like	0	0	0	0	0	0	0.0316342852317906	0.10193463866908385	0	0	0	0	0	0	0	0	0	0	0	0	0	0	0	0
MAG_485_43;T1PKS	0	0	0	0	0	0	0.1347126670714863	0	0	0	0	0	0	0	0	0	0	0	0	0	0	0	0	0
MAG_1113_15;arylpolyene	0	0	0	0.13476673444806286	0	0	0	0	0	0	0	0	0	0	0	0	0	0	0	0	0	0	0	0
MAG_1075_2;ranthipeptide	0	0	0.13611797960593774	0	0	0	0	0	0	0	0	0	0	0	0	0	0	0	0	0	0	0	0	0
MAG_1056_133;proteusin	0	0	0	0.13806470300607615	0	0	0	0	0	0	0	0	0	0	0	0	0	0	0	0	0	0	0	0
MAG_929_23;NRPS	0	0	0	0	0	0	0.14582258567366957	0	0	0	0	0	0	0	0	0	0	0	0	0	0	0	0	0
MAG_1408_130;terpene	0	0	0.1534968494185965	0	0	0	0	0	0	0	0	0	0	0	0	0	0	0	0	0	0	0	0	0
MAG_268_5;NRPS	0	0	0	0.17398821580815116	0	0	0	0	0	0	0	0	0	0	0	0	0	0	0	0	0	0	0	0
MAG_1543_26;hglE-KS	0	0	0	0.17653134014549762	0	0	0	0	0	0	0	0	0	0	0	0	0	0	0	0	0	0	0	0
MAG_938_62;terpene	0	0	0	0.09316977573182277	0	0	0.09474653234288927	0	0	0	0	0	0	0	0	0	0	0	0	0	0	0	0	0
MAG_604_38;arylpolyene	0	0	0	0	0	0	0	0.18211102043077892	0	0	0	0	0	0	0	0	0	0	0	0	0	0	0	0
MAG_1071_48;LAP	0	0	0	0	0	0	0.1854732426723905	0	0	0	0	0	0	0	0	0	0	0	0	0	0	0	0	0
MAG_929_82;ladderane	0	0	0	0	0	0	0.03374295273029165	0.15996461952444024	0	0	0	0	0	0	0	0	0	0	0	0	0	0	0	0
MAG_435_8;terpene	0	0	0.19316905325781755	0	0	0	0	0	0	0	0	0	0	0	0	0	0	0	0	0	0	0	0	0
MAG_236_2;arylpolyene	0	0	0	0.20155695899281323	0	0	0	0	0	0	0	0	0	0	0	0	0	0	0	0	0	0	0	0
MAG_877_70;RRE-containing	0	0	0	0	0	0	0.20522132725364986	0	0	0	0	0	0	0	0	0	0	0	0	0	0	0	0	0
MAG_245_122;acyl_amino_acids	0	0	0.11237857344708599	0.10653048744975198	0	0	0	0	0	0	0	0	0	0	0	0	0	0	0	0	0	0	0	0
MAG_688_81;NRPS-like	0	0	0	0	0	0	0.21125740294721468	0	0	0	0	0	0	0	0	0	0	0	0	0	0	0	0	0
MAG_1463_30;T1PKS	0	0	0	0	0	0	0.19809907774493352	0	0	0	0.018531254645130547	0	0	0	0	0	0	0	0	0	0	0	0	0
MAG_1042_3;terpene	0	0	0	0	0	0	0	0.2234764214922081	0	0	0	0	0	0	0	0	0	0	0	0	0	0	0	0
MAG_1301_114;RRE-containing	0	0	0	0	0	0	0.0960273974019383	0.1555162596547479	0	0	0	0	0	0	0	0	0	0	0	0	0	0	0	0
MAG_1432_1;RRE-containing	0	0	0	0	0	0	0.24103636693800742	0	0	0	0	0	0	0	0	0	0	0	0	0	0	0	0	0
MAG_1528_17;transAT-PKS-like	0	0	0.14564459433253055	0	0	0	0.11246252786802266	0	0	0	0	0	0	0	0	0	0	0	0	0	0	0	0	0
MAG_743_19;thioamitides	0	0	0	0	0	0	0	0	0	0.24379367437230312	0	0	0	0	0	0	0	0	0	0	0	0	0	0
MAG_244_38;ladderane	0	0	0.26013387031315255	0	0	0	0	0	0	0	0	0	0	0	0	0	0	0	0	0	0	0	0	0
MAG_820_26;ranthipeptide	0	0	0	0	0	0	0.27114062265411665	0	0	0	0	0	0	0	0	0	0	0	0	0	0	0	0	0
MAG_1515_11;RRE-containing	0	0	0	0	0	0	0.272370388136943	0	0	0	0	0	0	0	0	0	0	0	0	0	0	0	0	0
MAG_646_30;proteusin	0	0	0.20919168438055769	0	0	0	0.07833760478340811	0	0	0	0	0	0	0	0	0	0	0	0	0	0	0	0	0
MAG_954_22;arylpolyene	0	0	0.1926750746951521	0	0	0	0.09910100871605258	0	0	0	0	0	0	0	0	0	0	0	0	0	0	0	0	0
MAG_47_55;terpene	0	0	0	0	0	0	0.030557000357218787	0	0	0	0.25363033284798814	0	0	0	0	0	0	0	0	0	0	0	0	0
MAG_420_40;thioamitides	0	0	0.1305361546147466	0.16612595281022083	0	0	0	0	0	0	0	0	0	0	0	0	0	0	0	0	0	0	0	0
MAG_243_11;RRE-containing	0	0	0	0	0	0	0.04071622086888989	0	0	0	0	0.25045247490105016	0	0	0	0	0	0	0	0	0	0	0	0
MAG_110_71;betalactone	0	0	0.2004490285185784	0	0	0	0.10193712446299433	0	0	0	0	0	0	0	0	0	0	0	0	0	0	0	0	0
MAG_633_163;terpene	0	0	0.11599022533875702	0	0	0	0	0	0	0	0	0	0	0	0.1879465108203124	0	0	0	0	0	0	0	0	0
MAG_3_39;terpene	0	0	0.3004015336138897	0	0	0	0	0	0	0	0	0	0	0	0	0	0	0	0	0	0	0	0	0
MAG_921_15;RiPP-like	0	0	0	0	0	0	0	0	0	0	0.3045891387083307	0	0	0	0	0	0	0	0	0	0	0	0	0
MAG_245_4;lassopeptide	0	0	0.24882116357886994	0.09150886121913551	0	0	0	0	0	0	0	0	0	0	0	0	0	0	0	0	0	0	0	0
MAG_1424_196;terpene	0	0	0	0	0	0	0	0	0	0	0	0	0	0	0.33384325465377584	0	0	0	0	0	0	0	0	0
MAG_1226_120;RiPP-like	0	0	0	0	0	0	0	0	0	0	0	0.3426700652791199	0	0	0	0	0	0	0	0	0	0	0	0
MAG_265_6;terpene	0	0	0.07923833801572289	0	0	0	0.16067010987807534	0.11505445684156397	0	0	0	0	0	0	0	0	0	0	0.029895122020406534	0	0	0	0	0
MAG_245_40;RRE-containing	0	0	0.2396943603216156	0.14006426282803483	0	0	0	0	0	0	0	0	0	0	0	0	0	0	0	0	0	0	0	0
MAG_1215_86;ladderane	0	0	0	0	0	0	0.35279260730442863	0	0	0	0	0	0	0	0	0	0	0	0	0	0	0	0	0
MAG_1528_43;terpene	0	0	0	0	0	0	0.029118673493761286	0	0	0	0	0.34688818136774047	0	0	0	0	0	0	0	0	0	0	0	0
MAG_1463_1;ranthipeptide	0	0	0.10067687946084546	0	0	0	0.29956125838513553	0	0	0	0	0	0	0	0	0	0	0	0	0	0	0	0	0
MAG_245_7;betalactone	0	0	0.20145335336251244	0.20902343753289532	0	0	0	0	0	0	0	0	0	0	0	0	0	0	0	0	0	0	0	0
MAG_1521_11;RRE-containing	0	0	0.2077830343514579	0.21574929871763582	0	0	0	0	0	0	0	0	0	0	0	0	0	0	0	0	0	0	0	0
MAG_1019_32;RRE-containing	0	0	0	0	0	0	0	0	0	0	0	0	0	0	0.4089470806276842	0	0	0	0	0	0	0	0	0
MAG_933_34;ladderane	0	0	0.3126268663624491	0.15842548170660875	0	0	0	0	0	0	0	0	0	0	0	0	0	0	0	0	0	0	0	0
MAG_435_18;other	0	0	0	0.11689964502411387	0	0	0.3486740019912785	0	0	0	0	0	0	0	0	0	0	0	0	0	0	0	0	0
MAG_658_175;acyl_amino_acids	0	0	0.07037321708274011	0.26548743405807085	0	0	0.19170445317944904	0	0	0	0	0	0	0	0	0	0	0	0	0	0	0	0	0
MAG_772_16;terpene	0	0	0	0	0	0	0.20240274641895087	0.10334573565567137	0	0	0.16718515550797045	0	0	0	0	0	0	0	0	0.07084643728259073	0	0	0	0
MAG_186_16;terpene	0	0	0	0.3642294153046566	0	0	0	0.16924500478596236	0	0	0	0	0	0	0	0	0	0	0	0	0	0	0	0
MAG_128_86;T1PKS	0	0	0	0	0	0	0.4698656673531936	0	0	0	0.03089462061909881	0	0	0	0	0	0	0	0	0	0	0	0	0
MAG_1215_62;T3PKS	0	0	0	0	0	0	0.4968638844095713	0	0	0	0	0	0	0	0	0	0	0	0	0	0	0	0	0
MAG_621_29;terpene	0	0	0	0	0	0	0.12716496479175066	0	0	0	0.3674645943178255	0	0	0	0	0	0	0	0.07891074582530493	0	0	0	0	0
MAG_1268_27;LAP	0	0	0	0.45588625111029923	0	0	0.09474653234288927	0	0	0	0	0	0	0	0	0	0	0	0	0	0	0	0	0
MAG_589_1;betalactone	0	0	0	0.38945191472787943	0	0	0	0	0	0.19079226743552083	0	0	0	0	0	0	0	0	0	0	0	0	0	0
MAG_24_112;T1PKS	0	0	0	0	0	0	0.4895235381073363	0.05477803725546447	0	0	0	0	0	0	0	0	0	0	0	0	0	0	0	0
MAG_1016_46;terpene	0	0	0.4867022591077649	0	0	0	0.07529371080352083	0	0	0	0	0	0	0	0	0	0	0	0	0	0	0	0	0
MAG_1116_10;arylpolyene	0	0	0	0	0	0	0	0	0	0	0	0.5705313432754615	0	0	0	0	0	0	0	0	0	0	0	0
MAG_24_5;RiPP-like	0	0	0	0	0	0	0.13148335833719113	0.3714551825782173	0	0	0.1790196691913235	0	0	0	0	0	0	0	0	0	0	0	0	0
MAG_1254_10;terpene	0	0	0	0	0	0	0.6028464379676378	0	0	0	0	0	0	0	0	0	0	0	0	0	0	0	0	0
MAG_42_83;hglE-KS	0	0	0	0.09150886121913551	0	0	0	0	0	0	0	0	0	0	0.5671026070328439	0	0	0	0	0	0	0	0	0
MAG_1301_166;RiPP-like	0	0	0	0	0	0	0.13852769304021195	0.4028576517348425	0	0	0.2037591024215063	0	0	0	0	0	0	0	0	0	0	0	0	0
MAG_28_26;terpene	0	0	0	0.08339992127832178	0	0	0.1553495355347188	0.38078786162507217	0	0	0.17565365764667196	0	0	0	0	0	0	0	0	0	0	0	0	0
MAG_954_1;NRPS	0	0	0	0.11837066003415142	0	0	0.30035711400040616	0.3969783875147305	0	0	0	0	0	0	0	0	0	0	0	0	0	0	0	0
MAG_650_46;T1PKS	0	0	0	0	0	0	0.5339054694653282	0.23002148553040097	0	0	0.021543336307906127	0	0	0	0	0	0	0	0	0	0	0	0	0
MAG_206_59;terpene	0	0	0	0	0	0	0.11365436291036875	0.3149377749465655	0	0	0	0.41874005023752625	0	0	0	0	0	0	0	0	0	0	0	0
MAG_933_114;ranthipeptide	0	0	0	0.7098275772056094	0	0	0	0	0	0	0	0	0	0	0	0	0	0	0	0	0	0	0	0
MAG_18_14;RRE-containing	0	0	0.5041567382690737	0.1776442125748381	0	0	0.2114202522743898	0	0	0	0	0	0	0	0	0	0	0	0	0	0	0	0	0
MAG_629_175;ranthipeptide	0	0	0.7377291789452218	0	0	0	0	0	0	0	0	0	0	0	0	0	0	0	0	0	0	0	0	0
MAG_954_68;terpene	0	0	0.12776271333557673	0.6666279242470609	0	0	0.033035344221073126	0	0	0	0	0	0	0	0	0	0	0	0	0	0	0	0	0
MAG_1508_1;CDPS	0	0	0	0	0	0	0	0	0	0	0	0	0	0	0	0.732971353448341	0.1002670108374418	0	0	0	0	0	0	0
MAG_604_11;RiPP-like	0	0	0	0	0	0	0.18613121994084766	0.3067319264119737	0	0	0.19799683383081942	0.34116177193208597	0	0	0	0	0	0	0	0	0	0	0	0
MAG_349_23;ranthipeptide	0	0	0	0	0	0	0.6057305583273761	0.14591288849193948	0	0	0.19080384216431445	0	0	0	0	0	0	0	0	0	0	0	0	0
MAG_1226_16;terpene	0	0	0	0	0	0	0	0.6888254641960547	0	0	0	0.21038771088157335	0	0	0	0	0	0	0	0	0	0	0	0
MAG_1149_129;ranthipeptide	0	0	0	0.2346429272383752	0	0	0.6947222297326334	0	0	0	0	0	0	0	0	0	0	0	0	0	0	0	0	0
MAG_954_210;ladderane	0	0	0	0.4527892808570424	0	0	0	0.5395845955396272	0	0	0	0	0	0	0	0	0	0	0	0	0	0	0	0
MAG_1113_19;terpene	0	0	0.7117249002202534	0.2745728330873832	0	0	0	0	0	0	0	0	0	0	0	0	0	0	0	0	0	0	0	0
MAG_613_61;PKS-like	0	0	0	0.1586468352948846	0	0	0	0	0	0	0	0.7825237051134163	0	0	0	0	0	0	0	0	0	0	0	0
MAG_547_61;terpene	0	0	0.2633635098523953	0.3722410452481853	0	0	0.060549887663868394	0	0	0	0.1624230679534366	0	0	0	0	0.31829978775043827	0	0	0	0	0	0	0	0
MAG_954_3;RRE-containing	0	0	0.2020784537447166	0.7491700712452241	0	0	0.14663714309502754	0	0	0	0	0	0	0	0	0	0	0	0	0	0	0	0	0
MAG_245_38;NRPS-like	0	0	0.7495587045308562	0.33054873643994265	0	0	0	0	0	0	0	0	0	0	0	0	0	0	0	0	0	0	0	0
MAG_379_4;RRE-containing	0	0	0	0	0	0	0	0	0	0	0	0	0	0	0.6085478993393106	0.5506284066121402	0	0	0	0	0	0	0	0
MAG_688_63;arylpolyene	0	0	0	0	0	0	0.6239947548971156	0.12540358353586156	0	0	0.5241758555068119	0	0	0	0	0	0	0	0	0	0	0	0	0
MAG_621_15;terpene	0	0	0	0	0	0	0.0474289094928962	0	0.7076272757651699	0	0	0.5140216522094879	0	0	0	0	0	0	0	0	0	0	0	0
MAG_1556_97;terpene	0	0	0.7681734201260316	0.273246101993665	0	0	0	0.10612069895854112	0	0	0.19015628343692687	0	0	0	0	0	0	0	0	0	0	0	0	0
MAG_688_1;hserlactone	0	0	0	0	0	0	0.761247180065627	0.2811379980436692	0	0	0.30903266518142575	0	0	0	0	0	0	0	0.04073920580002823	0	0	0	0	0
MAG_206_27;terpene	0	0	0	0	0	0	0.24591885090312454	0.895950725982608	0	0	0	0.20828050005127038	0	0	0	0	0	0	0	0	0	0	0	0
MAG_921_92;ranthipeptide	0	0	0	0	0	0	0.14885965756279093	1.031631660711244	0	0	0	0	0	0	0	0	0	0	0	0	0	0	0	0
MAG_1518_8;NRPS	0	0	0.5392658694451505	0.49333733765730314	0	0	0.49803135261152126	0	0	0	0	0	0	0	0	0	0	0	0	0	0	0	0	0
MAG_1242_3;terpene	0	0	0	0	0	0	0.5747304479186904	0.43193688771331457	0	0	0.43200026613892933	0.13611714415620985	0	0	0	0	0	0	0	0	0	0	0	0
MAG_1239_11;T1PKS	0	0	0	0	0	0	0	0	0	1.039587726875514	0.1643269981467816	0	0	0	0	0	0	0	0	0	0	0	0	0
MAG_723_48;RRE-containing	0	0	0	0	0	0	0.3698644836632314	0.9310379621726306	0	0	0.06920174613485551	0	0	0	0	0	0	0	0	0	0	0	0	0
MAG_403_54;terpene	0	0	0.3808117998627914	0.8186279307955611	0	0	0.29601303225756076	0	0	0	0	0	0	0	0	0	0	0	0	0	0	0	0	0
MAG_24_25;RRE-containing	0	0	0.21509475236729386	0	0	0	0.5835777163755671	0.18310549311686863	0	0	0.6521692067303579	0	0	0	0	0	0	0	0	0	0	0	0	0
MAG_1149_11;ladderane	0	0	0	0	0	0	0.34927508116882966	1.0262250557248145	0	0	0	0	0	0	0	0	0	0	0	0	0	0	0	0
MAG_1113_42;ranthipeptide	0	0	0.5089938202551234	0.9175668784571631	0	0	0	0	0	0	0	0	0	0	0.05470375709086272	0	0	0	0	0	0	0	0	0
MAG_1002_27;T1PKS	0	0	0	0	1.0417604162872764	0	0	0.1667215324631587	0	0.1262162034423449	0.08803790534456847	0.05175362812020741	0	0	0	0	0	0	0	0	0	0	0	0
MAG_650_64;RRE-containing	0	0	0	0	0	0	0.5016139829250394	0	0	0	0.9776879358947608	0	0	0	0	0	0	0	0	0	0	0	0	0
MAG_1556_6;terpene	0	0	1.1503180116553897	0	0	0	0.16940669301467798	0	0	0	0	0	0	0	0	0	0	0	0	0	0	0	0	0
MAG_128_124;hglE-KS	0	0	0	0	0	0	0.3604314202624992	0.7235858312961267	0	0	0	0.7163984925800326	0	0	0	0	0	0	0	0	0	0	0	0
MAG_189_99;terpene	0	0	0.16471709197574433	0	0	0	0.790294702003234	0.13822407502545137	0	0	0.527257714940955	0.32405454638244474	0	0	0	0	0	0	0	0	0	0	0	0
MAG_27_7;terpene	0	0	0	0	0	0	0	0	0	0.6323271656883118	0.5317968354469415	0.7207019642184269	0	0	0	0	0	0	0	0	0	0	0	0
MAG_1016_53;hglE-KS	0	0	0.7647949222341752	0.5398409559848977	0	0	0.19149462264433198	0.3001739435333187	0	0	0.2424490100708112	0	0	0	0	0	0	0	0	0	0	0	0	0
MAG_547_60;terpene	0	0	0	0.5729760601505163	0	0	0.5279604261861786	0	0	0	0.24923301854816787	0.69455171346041	0	0	0	0	0	0	0.056041469840899576	0	0	0	0	0
MAG_1365_24;phosphonate	0	0	0.6668764680514914	0.8155196044663164	0	0	0	0	0	0	0	0	0	0	0.4881387681068159	0	0	0	0	0	0	0	0	0
MAG_1019_3;terpene	0	0	0.6570344122423385	0.5699644434535693	0	0	0.11673173422754038	0.42815471549419065	0	0	0	0	0	0	0.10091679066465566	0.3357234965007576	0	0	0	0	0	0	0	0
MAG_1002_27;NRPS-like	0	0	0	0	0	0	0	0	1.16774717338839	0	0.5408448060140371	0	0	0	0	0	0	0	0	0	0	0	0	0
MAG_1454_13;T1PKS	0	0	0	0	0.27480196036029714	0.3012336292883354	0	0	0.4890125490876038	0.8865839344327103	0.20998791788147173	0	0	0	0	0	0	0	0	0	0	0	0	0
MAG_1549_4;terpene	0	0	0.35639588205605643	0.19484544358911607	0	0	0.4026091032032764	0.6420165918137309	0	0	0.6928692004207018	0	0	0	0	0	0	0	0.16919280782169807	0	0	0	0	0
MAG_743_19;thiopeptide	0	0	0	0	0	0	0	0	0	1.2668159661787675	0	0.6527344024902522	0	0	0	0	0	0	0	0	0	0	0	0
MAG_244_30;NRPS-like	0	0.14094723680233284	0.19380802658473767	0.3763241290478441	0	0	0.1725385601771686	0.29261284914237745	0	0	0	0.42362793492585094	0	0	0.9946038913965076	0	0	0	0	0	0	0	0	0
MAG_1428_64;T1PKS	0	0	0	0	0	0	1.012761591952079	0.8368151873938411	0	0	0.7789185588233638	0.035237004098526134	0	0	0	0	0	0	0	0	0	0	0	0
MAG_732_1;hglE-KS	0	0.11112903253968555	0.36175493670320485	0.06200548480053903	0	1.1597059702202115	0.1449788414607969	0	0.2621474289775009	0.7026804345753922	0.17037454562100998	0	0	0	0	0.04763978080992688	0	0	0	0	0	0	0	0.015092670032949321
MAG_1536_36;hglE-KS	0	0	0.3233507509743495	0.017467860261649093	0	0	0	0	0	0	0	0	0	0	1.7168550518354047	0	0	0	0	0	0	0	0	0
MAG_1630_13;terpene	0	0	1.216908193201023	1.042993676236775	0	0	0.6131046166539947	0	0	0	0	0	0	0	0	0	0	0	0	0	0	0	0	0
MAG_110_1;acyl_amino_acids	0	0	1.2637308958673301	0.9491742950021155	0	0	0.4235310619771735	0.30463537061353857	0	0	0.1582967639434582	0	0	0	0	0	0	0	0	0	0	0	0	0
MAG_218_127;T1PKS	0	0	0	0	0	0.8478303961781801	0	0	1.4451984750438014	0.55808219054531	0	0	0	0	0	0	0	0	0	0	0	0	0	0
MAG_1454_6;terpene	0	0.5326416844883154	0	0	0	0.6698820501902557	0.12608023181972705	0	1.2348986936792885	0.7950601946549682	0.306179805694965	0	0	0	0	0	0	0	0	0	0	0	0	0
MAG_651_55;terpene	0	0	0	0	0	0	1.3203536401853462	1.1523316998289388	0	0	0.5407755483126543	0.3040629404403387	0	0	0	0	0	0	0	0	0	0	0	0
MAG_292_65;terpene	0	0	0.32343062507623294	0.42187676728209933	0	0	0.5836180171543441	0	0	0	0	0	0	0	1.6739488331403118	0	0	0	0	0	0	0	0	0
MAG_1454_16;terpene	0	0	0	0	0	0.6830382833917412	0	0	1.2718182965846923	1.1391835803645545	0.4507389829822781	1.0702982240937313	0	0	0	0	0	0	0	0	0	0	0	0
MAG_1454_13;NRPS	0	0	0	0	0.574064168819036	0	0.045637439779453254	0.05738058804799543	1.5051501786707464	1.5358797181826103	0.12238714135385892	0.13828501808407145	0	0	0	0	0	0	0	0	0	0	0	0
MAG_403_12;ranthipeptide	0	0	1.3442304185312914	1.242339694847073	0	0	1.4781366029340723	0.07094499776880489	0	0	0.16917496583730415	0.18865826987397671	0	0	0	0	0	0	0	0	0	0	0	0
MAG_938_54;RiPP-like	0	0	1.6611110102517885	1.8372645605817426	0	0	0.21569962321149866	0.24371823830491204	0	0	0.5728905155548863	0	0	0	0	0	0	0	0	0	0	0	0	0.0848699503908353
MAG_379_10;ladderane	0	0	0	0	0	0	0	0	0	0	0	0	0	0	2.4913059684350243	0	0	0	0	0	0	0	0	0
MAG_996_165;terpene	0	0	0.580580971105984	0.4026308071595895	0	0	1.130127296269676	1.1999217756300047	0.6670289851640491	0	0.9129138344939374	1.2994076295762862	0	0	0.4375474468940375	0	0	0	0.24254615405412452	0.025128229084185945	0	0	0	0.06827891626999187
MAG_1099_26;RiPP-like	0	0	0	0.7422992319843333	0	0	0.1666510407494586	0	0	0	0	2.5629210286101087	0	0	0	0	0	0	0	0	0	0	0	0
MAG_1239_2;RiPP-like	0	0	0	0	1.2301133763948957	2.0031991050248146	0.2100151975695702	0	1.9896622994236288	0	0	0	0	0	0	0	0	0	0	0	0	0	0	0
MAG_218_103;terpene	0	0	0	0	1.0107080676206093	0	0	0	2.5287427563464773	1.763036686147021	0	0.12441625255193522	0	0	0	0	0	0	0	0	0	0	0	0
MAG_218_188;terpene	0	0	0	0	2.6495646846356546	0.8816245563571433	0	0	2.02381291992386	1.7789023584341996	0	0.08619014430806055	0	0	0	0	0	0	0	0	0	0	0	0
MAG_1424_72;T1PKS	0	0	0	0	0	0	0.005823253423382146	0	0	0	0	0	0	0	0	0	0	0	0	0	0	0	0	0
MAG_669_89;terpene	0	0	0	0	0	0	0.0177970451606174	0	0	0	0	0	0	0	0	0	0	0	0	0	0	0	0	0
MAG_243_18;T1PKS	0	0	0	0	0	0	0.0072613709901303185	0	0	0	0.01638772785147144	0	0	0	0	0	0	0	0	0	0	0	0	0
MAG_772_19;RRE-containing	0	0	0	0	0	0	0.024541421281968304	0	0	0	0	0	0	0	0	0	0	0	0	0	0	0	0	0
MAG_539_10;T1PKS	0	0	0	0	0	0	0.02508656843833398	0	0	0	0	0	0	0	0	0	0	0	0	0	0	0	0	0
MAG_1424_77;NRPS-like	0	0	0	0	0	0	0.025217448056724844	0	0	0	0	0	0	0	0	0	0	0	0	0	0	0	0	0
MAG_658_18;NRPS-like	0	0	0	0	0	0	0.03471190833030898	0	0	0	0	0	0	0	0	0	0	0	0	0	0	0	0	0
MAG_751_95;NRPS	0	0	0	0	0	0	0.034865483598716815	0	0	0	0	0	0	0	0	0	0	0	0	0	0	0	0	0
MAG_723_20;NRPS	0	0	0	0	0	0	0	0.03869126749295161	0	0	0	0	0	0	0	0	0	0	0	0	0	0	0	0
MAG_1254_70;RRE-containing	0	0	0	0	0	0	0.04325226013153819	0	0	0	0	0	0	0	0	0	0	0	0	0	0	0	0	0
MAG_1424_21;NRPS	0	0	0	0	0	0	0	0	0	0	0	0	0	0	0.04614621747340578	0	0	0	0	0	0	0	0	0
MAG_1392_49;NRPS-like	0	0	0	0.051760500410498816	0	0	0	0	0	0	0	0	0	0	0	0	0	0	0	0	0	0	0	0
MAG_921_80;RRE-containing	0	0	0	0	0	0	0.05574445660547843	0	0	0	0	0	0	0	0	0	0	0	0	0	0	0	0	0
MAG_151_25;lassopeptide	0	0	0	0	0	0	0.06463154733142568	0	0	0	0	0	0	0	0	0	0	0	0	0	0	0	0	0
MAG_262_68;terpene	0	0	0	0.06542952397593983	0	0	0	0	0	0	0	0	0	0	0	0	0	0	0	0	0	0	0	0
MAG_243_1;hglE-KS	0	0	0	0	0	0	0.007316766814618778	0	0	0	0.05975562284578616	0	0	0	0	0	0	0	0	0	0	0	0	0
MAG_824_3;RRE-containing	0	0	0	0.07429389409074959	0	0	0	0	0	0	0	0	0	0	0	0	0	0	0	0	0	0	0	0
MAG_1149_240;RRE-containing	0	0	0	0	0	0	0.07470387052467374	0	0	0	0	0	0	0	0	0	0	0	0	0	0	0	0	0
MAG_1071_82;RRE-containing	0	0	0.08742240322666253	0	0	0	0	0	0	0	0	0	0	0	0	0	0	0	0	0	0	0	0	0
MAG_1528_25;betalactone	0	0	0	0	0	0	0.08747200295254699	0	0	0	0	0	0	0	0	0	0	0	0	0	0	0	0	0
MAG_244_46;RRE-containing	0	0	0.08750086849272985	0	0	0	0	0	0	0	0	0	0	0	0	0	0	0	0	0	0	0	0	0
MAG_1305_57;betalactone	0	0	0	0.08891519580725248	0	0	0	0	0	0	0	0	0	0	0	0	0	0	0	0	0	0	0	0
MAG_954_53;arylpolyene	0	0	0	0	0	0	0.09022954276224936	0	0	0	0	0	0	0	0	0	0	0	0	0	0	0	0	0
MAG_1424_1;terpene	0	0	0	0	0	0	0.10083902714470883	0	0	0	0	0	0	0	0	0	0	0	0	0	0	0	0	0
MAG_751_140;RRE-containing	0	0	0.10416292402177917	0	0	0	0	0	0	0	0	0	0	0	0	0	0	0	0	0	0	0	0	0
MAG_42_81;NRPS-like	0	0	0	0	0	0	0.10514182186824719	0	0	0	0	0	0	0	0	0	0	0	0	0	0	0	0	0
MAG_1149_69;RRE-containing	0	0	0	0	0	0	0	0.10612069895854112	0	0	0	0	0	0	0	0	0	0	0	0	0	0	0	0
MAG_1003_58;arylpolyene	0	0	0	0	0	0	0	0.11214355936631237	0	0	0	0	0	0	0	0	0	0	0	0	0	0	0	0
MAG_751_66;NAPAA	0	0	0	0	0	0	0	0	0	0	0.11279616259652914	0	0	0	0	0	0	0	0	0	0	0	0	0
MAG_1149_83;ranthipeptide	0	0	0	0	0	0	0.11354410295296345	0	0	0	0	0	0	0	0	0	0	0	0	0	0	0	0	0
MAG_670_43;terpene	0	0	0	0.1138347142314217	0	0	0	0	0	0	0	0	0	0	0	0	0	0	0	0	0	0	0	0
MAG_1301_39;hglE-KS	0	0	0	0	0	0	0.12042535319759273	0	0	0	0	0	0	0	0	0	0	0	0	0	0	0	0	0
MAG_862_61;terpene	0	0	0.12424329598078815	0	0	0	0	0	0	0	0	0	0	0	0	0	0	0	0	0	0	0	0	0
MAG_34_37;RRE-containing	0	0	0.12686427294746552	0	0	0	0	0	0	0	0	0	0	0	0	0	0	0	0	0	0	0	0	0
MAG_633_75;NRPS-like	0	0	0	0	0	0	0	0	0	0	0	0	0	0	0.1313889237003532	0	0	0	0	0	0	0	0	0
MAG_1254_40;sactipeptide	0	0	0	0	0	0	0	0.13223535319037807	0	0	0	0	0	0	0	0	0	0	0	0	0	0	0	0
MAG_1392_46;RRE-containing	0	0	0	0.13902872581334905	0	0	0	0	0	0	0	0	0	0	0	0	0	0	0	0	0	0	0	0
MAG_43_2;RRE-containing	0	0	0	0	0	0	0.14024529830354385	0	0	0	0	0	0	0	0	0	0	0	0	0	0	0	0	0
MAG_1003_38;T1PKS	0	0	0	0	0	0	0.14211762598686775	0	0	0	0	0	0	0	0	0	0	0	0	0	0	0	0	0
MAG_110_32;terpene	0	0	0	0.14355617104864266	0	0	0	0	0	0	0	0	0	0	0	0	0	0	0	0	0	0	0	0
MAG_820_12;RRE-containing	0	0	0	0	0	0	0	0	0	0	0.1518674232711899	0	0	0	0	0	0	0	0	0	0	0	0	0
MAG_589_3;RRE-containing	0	0	0	0	0	0	0.15231639436328334	0	0	0	0	0	0	0	0	0	0	0	0	0	0	0	0	0
MAG_245_32;RRE-containing	0	0	0.16127825364284712	0	0	0	0	0	0	0	0	0	0	0	0	0	0	0	0	0	0	0	0	0
MAG_236_2;ladderane	0	0	0	0.11136424310349619	0	0	0.0586110911011738	0	0	0	0	0	0	0	0	0	0	0	0	0	0	0	0	0
MAG_244_88;terpene	0	0	0	0.16515263746867653	0	0	0	0	0	0	0	0	0	0	0	0	0	0	0	0	0	0	0	0
MAG_503_118;RRE-containing	0	0	0.1683061274491734	0	0	0	0	0	0	0	0	0	0	0	0	0	0	0	0	0	0	0	0	0
MAG_268_51;terpene	0	0	0	0.12631912701437645	0	0	0.05647406431678784	0	0	0	0	0	0	0	0	0	0	0	0	0	0	0	0	0
MAG_1261_37;terpene	0	0	0	0	0	0	0.1810500529936601	0	0	0	0	0	0	0	0	0	0	0	0	0	0	0	0	0
MAG_1394_1;NRPS-like	0	0	0	0	0	0	0	0	0	0	0	0	0	0	0	0	0	0	0	0	0.18385797991344724	0	0	0
MAG_1365_20;ranthipeptide	0	0	0	0.143727055763144	0	0	0.05536129884613938	0	0	0	0	0	0	0	0	0	0	0	0	0	0	0	0	0
MAG_1215_87;arylpolyene	0	0	0	0	0	0	0.19427943876771886	0	0	0	0	0	0	0	0	0	0	0	0	0	0	0	0	0
MAG_646_52;RRE-containing	0	0	0.04772612479966781	0	0	0	0.053067409902706655	0.05888843525387564	0	0	0.04944798729409599	0	0	0	0	0	0	0	0	0	0	0	0	0
MAG_669_68;NRPS-like	0	0	0	0.12195153880860009	0	0	0.08471106526281731	0	0	0	0	0	0	0	0	0	0	0	0	0	0	0	0	0
MAG_151_6;terpene	0	0	0	0	0	0	0.2036110648566786	0	0	0	0	0	0	0	0	0	0	0	0	0	0	0	0	0
MAG_638_33;terpene	0	0	0.21103122245948885	0	0	0	0	0	0	0	0	0	0	0	0	0	0	0	0	0	0	0	0	0
MAG_1071_28;terpene	0	0	0	0.21329669457175846	0	0	0	0	0	0	0	0	0	0	0	0	0	0	0	0	0	0	0	0
MAG_190_74;RRE-containing	0	0	0	0	0	0	0	0	0	0	0.22821701104333803	0	0	0	0	0	0	0	0	0	0	0	0	0
MAG_920_52;ranthipeptide	0	0	0.23491250233362318	0	0	0	0	0	0	0	0	0	0	0	0	0	0	0	0	0	0	0	0	0
MAG_1356_89;RRE-containing	0	0	0	0	0	0	0	0	0	0	0	0.2367483266518078	0	0	0	0	0	0	0	0	0	0	0	0
MAG_1149_24;hglE-KS	0	0	0.035876645615535475	0	0	0	0.03185363678297135	0.18719474579890658	0	0	0	0	0	0	0	0	0	0	0	0	0	0	0	0
MAG_1016_89;T1PKS	0	0	0	0.07005505765955433	0	0	0.18738637006978598	0	0	0	0	0	0	0	0	0	0	0	0	0	0	0	0	0
MAG_954_55;arylpolyene	0	0	0	0	0	0	0.1327948035031134	0.12868765182695008	0	0	0	0	0	0	0	0	0	0	0	0	0	0	0	0
MAG_629_15;betalactone	0	0	0	0	0	0	0	0.08750964451777293	0	0	0	0	0	0	0	0.17607249170026257	0	0	0	0	0	0	0	0
MAG_633_117;NRPS-like	0	0	0	0	0	0	0	0	0	0	0.2500380360820438	0	0	0	0	0	0	0	0	0	0	0	0	0
MAG_1518_39;arylpolyene	0	0	0	0.11180540397861229	0	0	0.049407176345779825	0	0	0	0	0	0	0	0	0	0	0	0.12280581902981717	0	0	0	0	0
MAG_633_29;hglE-KS	0	0	0	0.08976324781424994	0	0	0.18749342353046594	0	0	0	0	0	0	0	0	0	0	0	0	0	0	0	0	0
MAG_539_10;RRE-containing	0	0	0	0	0	0	0.15546970414356437	0	0	0	0.12738710184191784	0	0	0	0	0	0	0	0	0	0	0	0	0
MAG_1075_52;NRPS	0	0	0	0.26823427778640024	0	0	0	0	0	0	0	0	0	0	0	0	0	0	0	0	0	0	0	0
MAG_539_46;ranthipeptide	0	0	0.066541129301833	0.13407286561877932	0	0	0.09169895975329147	0	0	0	0	0	0	0	0	0	0	0	0	0	0	0	0	0
MAG_723_47;T3PKS	0	0	0	0	0	0	0.27315968690968656	0	0	0	0	0	0	0	0	0	0	0	0	0	0	0	0	0
MAG_1305_1;terpene	0	0	0.28203393462095505	0	0	0	0	0	0	0	0	0	0	0	0	0	0	0	0	0	0	0	0	0
MAG_1356_26;ranthipeptide	0	0	0.14967425328813827	0.15430566403488577	0	0	0	0	0	0	0	0	0	0	0	0	0	0	0	0	0	0	0	0
MAG_529_1;RRE-containing	0	0	0.293571356905813	0	0	0	0	0	0	0	0	0	0	0	0	0	0	0	0	0	0	0	0	0
MAG_406_12;NRPS-like	0	0	0	0.18646155990409108	0	0	0.13638763964448075	0	0	0	0	0	0	0	0	0	0	0	0	0	0	0	0	0
MAG_435_26;terpene	0	0	0	0.1188692696933383	0	0	0	0	0	0.20441192212602877	0	0	0	0	0	0	0	0	0	0	0	0	0	0
MAG_1215_162;RRE-containing	0	0	0	0	0	0	0.03081152481931887	0.2160585634158969	0	0	0.08370792843028745	0	0	0	0	0	0	0	0	0	0	0	0	0
MAG_435_1;NRPS-like	0	0	0	0.1547290392839402	0	0	0	0	0	0	0.09634474914701475	0.10343052077388194	0	0	0	0	0	0	0	0	0	0	0	0
MAG_529_23;lanthipeptide-class-i	0	0	0	0.3316829532068362	0	0	0	0	0	0	0	0	0	0	0	0	0	0	0	0	0	0	0	0
MAG_723_30;T1PKS	0	0	0	0	0	0	0.11950543344967263	0.07374705558509734	0	0	0	0	0	0	0	0	0	0	0	0.18912037736061976	0	0	0	0
MAG_464_10;terpene	0	0	0.3488400231043341	0	0	0	0	0	0	0	0	0	0	0	0	0	0	0	0	0	0	0	0	0
MAG_921_140;NRPS-like	0	0	0	0	0	0	0	0	0	0	0.35170926040016437	0	0	0	0	0	0	0	0	0	0	0	0	0
MAG_379_3;ranthipeptide	0	0	0	0	0	0	0	0	0	0	0	0	0	0	0.09624941826909952	0.28874339584402026	0	0	0	0	0	0	0	0
MAG_1075_9;resorcinol	0	0	0	0	0	0	0	0.3629920417308097	0	0	0	0	0	0	0	0	0	0	0	0	0	0	0	0
MAG_751_87;RRE-containing	0	0	0	0.3096819557549917	0	0	0.09750059695593526	0	0	0	0	0	0	0	0	0	0	0	0	0	0	0	0	0
MAG_1242_48;RRE-containing	0	0	0	0	0	0	0.16747694267414398	0.17628718714748992	0	0	0.11487343758997572	0	0	0	0	0	0	0	0	0	0	0	0	0
MAG_1155_59;CDPS	0	0	0.4058472140721254	0	0	0	0	0	0	0	0	0	0	0	0	0	0	0	0	0	0	0	0	0
MAG_547_6;lanthipeptide-class-ii	0	0	0	0	0	0	0.3595403601615174	0	0	0	0	0.0913757974408062	0	0	0	0	0	0	0	0	0	0	0	0
MAG_743_13;NRPS-like	0	0	0	0	0	0	0	0	0.20392061348381546	0	0	0.2864104946078078	0	0	0	0	0	0	0	0	0	0	0	0
MAG_1288_14;resorcinol	0	0	0.191570891464177	0	0	0	0	0	0	0	0	0	0	0	0.3001150810396491	0	0	0	0	0	0	0	0	0
MAG_1242_42;arylpolyene	0	0	0	0	0	0	0.18384664176719673	0.13180276931019874	0	0	0.2067683221460046	0	0	0	0	0	0	0	0	0	0	0	0	0
MAG_1075_5;arylpolyene	0	0	0.25489970399719303	0	0	0	0.2804273603558341	0	0	0	0	0	0	0	0	0	0	0	0	0	0	0	0	0
MAG_268_27;hglE-KS	0	0	0.11775641069775507	0	0	0	0.3837451252218289	0	0	0	0	0.03012941939586705	0	0	0	0	0	0	0	0	0	0	0	0
MAG_589_7;terpene	0	0	0	0	0	0	0.10067867709629766	0.07005772387522748	0	0	0.1144829979412613	0.29105808676487793	0	0	0	0	0	0	0	0	0	0	0	0
MAG_954_1;NRPS-like	0	0	0.372436637757904	0	0	0	0.180154803227406	0	0	0	0	0	0	0	0	0	0	0	0	0	0	0	0	0
MAG_1002_32;T1PKS	0	0	0	0	0	0	0.10361896666481402	0	0	0	0.29521379878242315	0.20000213722441804	0	0	0	0	0	0	0	0	0	0	0	0
MAG_406_47;RRE-containing	0	0	0	0.5208966488302696	0	0	0	0	0	0	0	0	0	0	0	0	0	0	0	0	0	0	0	0
MAG_933_29;RRE-containing	0	0	0.29973197369691573	0.080430465649616	0	0	0.14484780709775485	0.09981466169298826	0	0	0	0	0	0	0	0	0	0	0	0	0	0	0	0
MAG_929_88;terpene	0	0	0	0	0	0	0.12029948209841078	0.4505002412403267	0	0	0	0	0	0	0	0	0	0	0	0	0	0	0	0
MAG_888_3;terpene	0	0	0	0	0	0	0	0	0	0	0	0.5312544369671109	0	0	0	0	0	0	0	0	0	0	0	0
MAG_925_5;NRPS-like	0	0	0.24598334235464564	0	0	0	0	0.24823925124612514	0	0	0.14632150402893243	0	0	0	0	0	0	0	0	0	0	0	0	0
MAG_1518_30;RRE-containing	0	0	0	0.44138280565672733	0	0	0.15436329841301055	0	0	0	0	0	0	0	0	0	0	0	0	0	0	0	0	0
MAG_1365_28;hglE-KS	0	0	0.5466454270223151	0	0	0	0	0	0	0	0	0	0	0	0	0	0	0	0	0	0	0	0	0
MAG_629_259;ranthipeptide	0	0	0	0.5693089429091756	0	0	0	0	0	0	0	0	0	0	0	0	0	0	0	0	0	0	0	0
MAG_1542_1;NRPS	0	0	0.20434452905520883	0	0	0	0.1752144610235368	0.07842200661938241	0	0	0.07801121112972846	0.22791852131155038	0	0	0	0	0	0	0	0	0	0	0	0
MAG_1226_22;NRPS-like	0	0	0	0	0	0	0.15642469065410516	0.5231006532363478	0	0	0	0	0	0	0	0	0	0	0	0	0	0	0	0
MAG_435_91;NRPS-like	0	0	0	0	0	0	0.09018277474858309	0	0	0	0	0.5881662336137035	0	0	0	0	0	0	0	0	0	0	0	0
MAG_1113_15;resorcinol	0	0	0.4072562119530927	0.3560478401150673	0	0	0	0	0	0	0	0	0	0	0	0	0	0	0	0	0	0	0	0
MAG_670_71;RRE-containing	0	0	0.43227045832034533	0.33865401071309376	0	0	0.010508082017235122	0	0	0	0	0	0	0	0	0	0	0	0	0	0	0	0	0
MAG_743_39;other	0	0	0	0	0	0	0	0	0	0.6705471314160487	0	0	0	0	0	0	0	0	0	0	0	0	0	0
MAG_1075_66;resorcinol	0	0	0.3319411141477382	0	0	0	0.30568277351120954	0	0	0	0.2037591024215063	0	0	0	0	0	0	0	0	0	0	0	0	0
MAG_688_8;arylpolyene	0	0	0	0	0	0	0.6294727761509905	0	0	0	0.09706639836177247	0	0	0	0	0	0	0	0	0	0	0	0	0
MAG_563_12;T3PKS	0	0	0.05515980003993428	0.5476341174743893	0	0	0.18238540353109364	0	0	0	0	0	0	0	0	0	0	0	0	0	0	0	0	0
MAG_1149_104;hglE-KS	0	0	0	0	0	0	0.5573214842017048	0.2365570492111101	0	0	0	0	0	0	0	0	0	0	0	0	0	0	0	0
MAG_933_59;T1PKS	0	0	0.45653709683626004	0.3662027356570886	0	0	0	0	0	0	0	0	0	0	0	0	0	0	0	0	0	0	0	0
MAG_933_38;ranthipeptide	0	0	0.17645475814885137	0.4711793280221385	0	0	0.21115962159916593	0	0	0	0	0	0	0	0	0	0	0	0	0	0	0	0	0
MAG_1593_3;RRE-containing	0	0	0.38907061267972554	0	0	0	0.25333146886017327	0	0	0	0	0	0	0	0.3125253857623826	0	0	0	0	0	0	0	0	0
MAG_758_9;ladderane	0	0	0	0	0	0	0	0	0	0	0	0	0	0	0	0.7805076220698026	0	0	0	0	0	0	0	0
MAG_268_55;hglE-KS	0	0	0.6119584428186667	0.05750344167514052	0	0	0.25067439874617514	0	0	0	0	0	0	0	0	0	0	0	0	0	0	0	0	0
MAG_435_20;T1PKS	0	0	0	0.16760767907821192	0	0	0.3450255968338114	0.3676438382986034	0	0	0.1917470534757964	0	0	0	0	0	0	0	0	0	0	0	0	0
MAG_1242_11;hglE-KS	0	0	0	0	0	0	0.5493843204923692	0.301394169260996	0	0	0.08358335991969658	0.11175841356780586	0	0	0	0	0	0	0	0	0	0	0	0
MAG_236_43;arylpolyene	0	0	0.20463366593848456	0.329218624871432	0	0	0.26423566850416474	0.3160600580010661	0	0	0	0	0	0	0	0	0	0	0	0	0	0	0	0
MAG_547_36;T1PKS	0	0	0.057501406756143826	0	0	0	0.8148746652305315	0	0	0	0	0	0	0	0	0	0	0	0	0	0	0	0	0
MAG_1531_2;RRE-containing	0	0	0.11318061010381145	0.4715997468999811	0	0	0.01927609873791275	0.154798856286151	0	0	0	0.3773198567471599	0	0	0	0	0	0	0	0	0	0	0	0
MAG_1215_4;ladderane	0	0	0	0	0	0	0.8421837013742071	0.15062994351249048	0	0	0	0	0	0	0	0	0	0	0	0	0	0	0	0
MAG_435_10;NRPS	0	0	0.11623928318988727	0.4962784496021952	0	0	0.08766248248242149	0.492240095547451	0	0	0	0	0	0	0	0	0	0	0	0	0	0	0	0
MAG_743_5;other	0	0	0	0	0	0.7766434202974625	0	0	0	0.28320406216414235	0	0	0	0	0	0	0	0	0	0	0	0	0	0
MAG_268_5;NRPS-like	0	0	0	0.1599958600467141	0	0	0.5562576008345761	0.09555633457137662	0	0	0.16910662886374161	0.26449500218010863	0	0	0	0	0	0	0	0	0	0	0	0
MAG_236_8;arylpolyene	0	0	0	0.11499429924860337	0	0	0.18834304658390455	0.806580670790509	0	0	0	0	0	0	0	0	0	0	0	0	0	0	0	0
MAG_1531_14;terpene	0	0	0	0.5454601366289251	0	0	0	0.42643123409559125	0	0	0	0.21384973793071432	0	0	0.15387414198263277	0	0	0	0	0	0	0	0	0
MAG_128_16;hglE-KS	0	0	0	0	0	0	0.23777734944636875	0	0	0	0.08762583538552111	0.8469054793505494	0	0	0	0	0	0	0	0	0	0	0	0
MAG_163_3;ranthipeptide	0	0	0	0	0	0	0	0	0	0	0	0	0	0	0.9214182571519945	0.17077168029311213	0	0	0	0	0	0	0	0
MAG_646_31;terpene	0	0	0	0	0	0.6474779184392014	0.4043546019440356	0.299392890817168	0	0	0	0	0	0	0	0	0	0	0	0	0	0	0	0
MAG_313_16;nucleoside	0	0	0	0	0	0	0.5254157658842864	0.4171130257110084	0	0	0.3407113695763084	0	0	0	0	0	0	0	0.08750954438222931	0	0	0	0	0.07748158756353563
MAG_688_43;resorcinol	0	0	0	0.244859632585402	0	0	0.7533234457345971	0.28777899765591325	0	0	0.19895522150051773	0	0	0	0	0	0	0	0	0	0	0	0	0
MAG_268_12;NRPS	0	0	0.3778190629850593	0.7331288203360964	0	0	0.21132018920168444	0.07271001651655233	0	0	0.136807162767879	0	0	0	0	0	0	0	0	0	0	0	0	0
MAG_1239_18;betalactone	0	0	0	0	0.5882794204042064	0	0.4534275089625211	0	0	0	0	0.4908714080432171	0	0	0	0	0	0	0	0	0	0	0	0
MAG_24_17;RRE-containing	0	0	0	0.3076988662191753	0	0	0.41478532713652505	0.5796206253944789	0	0	0.30695387959858805	0	0	0	0	0	0	0	0	0	0	0	0	0
MAG_629_6;terpene	0	0	0	0	0	0	0	0	0	0	0	0	0	0	1.127236902170743	0	0	0	0	0	0	0	0	0
MAG_933_3;ranthipeptide	0	0	0.8399490921843232	0.5820622890192241	0	0	0	0	0	0	0	0	0	0	0	0	0	0	0	0	0	0	0	0
MAG_1630_1;phosphonate	0	0	0.4115351092797298	0.9532265975916041	0	0	0.15345015991693323	0	0	0	0	0	0	0	0	0	0	0	0	0	0	0	0	0
MAG_110_55;NRPS-like	0	0	0.5070848220275537	0.7509160008635194	0	0	0.24514192897264608	0	0	0	0.23286050751318052	0	0	0	0	0	0	0	0	0	0	0	0	0
MAG_1531_65;RRE-containing	0	0	0.8892558866451277	0.389693432858803	0	0	0.393194421028518	0	0	0	0	0	0	0	0	0	0	0	0	0	0	0	0	0
MAG_563_3;T3PKS	0	0	0.7362373354733953	0.4576574641888225	0	0	0.06930350756923057	0.21479033428160182	0	0	0	0.45389661313932095	0	0	0	0	0	0	0	0	0	0	0	0
MAG_1542_5;ranthipeptide	0	0	0.19982061243128119	1.1899067237271521	0	0	0.12247807214374133	0	0	0	0	0	0	0	0	0	0	0	0	0	0	0	0	0
MAG_1542_6;hglE-KS	0	0	0.3068770553947031	0.8921104773707472	0	0	0.43909859150578573	0.13850922540711935	0	0	0	0.15003549833503244	0	0	0	0	0	0	0	0	0	0	0	0
MAG_604_10;phosphonate	0	0	0	0	0	0	0.03751772030957377	0.23685870054728875	0	0	0.19713804240885333	1.1508926813879328	0	0	0	0	0	0	0	0	0	0	0	0
MAG_1149_23;RRE-containing	0	0	0	1.0975015261721832	0	0	0.09445010631568951	0.5011525806638525	0	0	0	0	0	0	0	0	0	0	0	0	0	0	0	0
MAG_1429_1;T1PKS	0	0	0	0	0	0	0.7905110823134732	0.7106299578158577	0	0	0.18944973372220927	0.3007148955069381	0	0	0	0	0	0	0	0	0	0	0	0
MAG_1542_11;RRE-containing	0	0	0.6712598282054558	0.5300630350021155	0	0	0.49052678542605316	0.4238173311091027	0	0	0	0	0	0	0	0	0	0	0	0	0	0	0	0
MAG_464_21;RRE-containing	0	0	0.22511183851039707	0	0	0	0.805921076500092	0	0	0	0	0.9576940770405588	0	0	0	0	0	0	0	0	0	0	0	0.1877475449368503
MAG_128_31;T1PKS	0	0	0	0	0	0	0.53407981090871115	0.6640957320479917	0	0	0	1.0220158902422867	0	0	0	0	0	0	0	0	0	0	0	0
MAG_1242_25;RRE-containing	0	0	0	0	0	0	1.2021483041270666	0.49049350499865724	0	0	0.32845767801336656	0.2319035305490855	0	0	0	0	0	0	0	0	0	0	0	0
MAG_1528_29;arylpolyene	0	0	0	0	0	0	0.05895430776839787	0	0	0	0	1.6383334488294654	0	0	0	0	0	0	0	0	0	0	0	0
MAG_379_1;NRPS-like	0	0	0	0	0	0	0	0	0	0	0	0	0	0	1.6542497724863099	0	0	0	0	0	0	0	0	0
MAG_379_1;terpene	0	0	0	0	0	0	0	0	0	0	0	0	0	0	1.6303790986358309	0.16065288521675739	0	0	0	0	0	0	0	0
MAG_1593_5;betalactone	0	0	0.46635752095801863	0.7712522181435573	0	0	0.7329632728171747	0.2977762170570149	0	0	0.3231290398127092	0	0	0	0.6001791662193662	0	0	0	0	0	0	0	0	0
MAG_1113_50;arylpolyene	0	0	1.468362125166167	0.7690679616536767	0	0	0	0	0	0	0	0	0	0	0	0	0	0	0	0	0	0	0	0
MAG_218_67;terpene	0	0	0	0	0	0	0	0	0.9442934363039752	1.3645801901643233	0.07801121112972846	0	0	0	0	0	0	0	0	0	0	0	0	0
MAG_163_5;NRPS-like	0	0	0	0.1350894134141523	0	0	0	0	0	0	0	0	0	0	1.519432762019797	0.8129212375900235	0	0	0	0	0	0	0	0
MAG_1268_1;ranthipeptide	0	0	1.3235947609673153	1.0240288397263995	0	0	0.5463752730380654	0	0	0	0	0	0	0	0	0	0	0	0	0	0	0	0	0
MAG_650_17;NRPS-like	0	0	0	0	0	0	1.4868503121354146	0.9174518599547581	0	0	0.26002839226267016	0	0	0	0	0	0	0	0	0.04862213898190903	0	0	0	0
MAG_24_5;hglE-KS	0	0	0	0.13223983630389197	0	0	0.8560272995575297	1.108454903209394	0.5462370361072992	0	0	0.7577396851288427	0	0	0.21814046969334314	0.07943433625826492	0	0	0	0	0	0	0	0
MAG_1305_1;ladderane	0	0	1.310308557864574	1.4462433696818757	0	0	0	0	0	0	0	0	0	0	0	0	0	0	0	0	0	0.13848998088528544	0	0
MAG_604_1;terpene	0	0	0	0	0	0	0.595656959567812	0.19652312103696262	0	0	0.4425816677027415	1.735843918596465	0	0	0	0	0	0	0	0	0	0	0	0
MAG_954_6;NRPS	0	0	1.0434101555239232	0.05466552801072195	0	0	0.10972034056575009	1.0080075677690843	0	0	0	1.3543950871736306	0	0	0	0	0	0	0	0	0	0	0	0
MAG_1002_14;phosphonate	0	0	0	0.49746772813901163	0	0	0.6556134992686171	0.26707459242930565	0.7335229263027812	0	0.5787104890773022	1.403138362117984	0	0	0	0	0	0	0	0	0	0	0	0
MAG_1199_3;RRE-containing	0	0	0	0	0	0	1.491307691212739	1.1512230091283193	0	0	1.1151716786062338	0.6791792606083061	0	0	0	0	0	0	0	0	0	0	0	0
MAG_218_41;redox-cofactor	0	0	0	0	0.34437188996737034	0	0	0	1.5270658209928576	1.6606754099526586	0.12054724377920313	0.4132551059714859	0	0	0	0	0	0	0	0	0	0	0	0
MAG_1113_1;RRE-containing	0	0	1.9470684731018255	1.4699149536771212	0	0	0	0	0	0	0	0	0	0	0	0	0	0	0	0	0	0	0	0
MAG_650_9;resorcinol	0	0	0	0	0	0	1.699689212675372	1.8860428915432352	0	0	0.2798881701523544	0	0	0	0	0	0	0	0	0.2816928781599205	0	0	0	0
MAG_1556_3;T1PKS	0	0	0.45751750766675164	1.4100108109791956	0	0	1.3948067203095407	1.310496907006935	0	0	0.9147181181640095	0.7840702730425081	0	0	0.1236843799788556	0	0	0	0	0	0	0	0	0
MAG_650_6;ranthipeptide	0	0	0	0	0	0	1.2947074406425567	1.4798078227794784	0	0	1.822745787433357	0.9629120916957036	0	0	0	0	0	0	0	0.18020158716968232	0	0	0	0
MAG_650_8;arylpolyene	0	0	0	0	0	0	2.1585779067786	1.9697740017439775	0	0	0.6424726953924752	0	0	0	0	0	0	0	0	0	0	0	0	0.2535289984602822
MAG_650_31;lassopeptide	0	0	0	0	0	0	2.2575033041040102	1.8766086391809491	0	0	0.9961497772906481	0	0	0	0	0	0	0	0.19364612432045755	0	0	0	0	0
MAG_1239_13;other	0	0	0	0	1.31026805319308	0.926288331528583	0.03292731964966502	0	2.2033525651673385	1.737822394081644	1.1246024870071334	0.6430168546868682	0	0	0	0	0.13775296502543857	0	0	0	0	0	0	0
MAG_24_6;ladderane	0	0	0.6286581017030953	0.5067405788947812	0	0	1.932646767906355	1.4293134458408425	0	0	0.2900472984673213	2.3126585928739107	0	0	0	0	0	0	0	0.2085000563978774	0	0	0	0
MAG_604_7;NRPS	0	0	0	0	0	0	1.0148000664805135	1.12687192356551	1.227013304444101	1.507097295176186	1.7921950124846406	2.2208286046746175	0	0	0	0	0	0	0	0	0	0	0	0
MAG_1556_24;terpene	0	0.3745291843760611	1.3806023029582863	1.4145431969146343	1.5008453325572482	1.3061881481828237	0.5130603888544983	0.13381648306033186	1.915786939852117	1.6526068544563925	0.11302324950832078	0.44178265476573597	0.1836097805194999	0.2988058576234712	0.8536095712965179	0.7878510756483743	1.4121141679062539	0	0.06459176452178869	0.07532648125008716	1.7280286210806524	0.4084904309669213	0.10676950312174356	0.1624026053973697
MAG_1428_1;betalactone	0	0	0	0.1328626221720902	0	0	3.1649193443430907	2.4685162739493434	0	0	1.6658547982068204	0.72105499454432	0	0	0	0	0	0	0.1899184277304941	0.11869630803972107	0	0	0	0
MAG_996_38;NRPS-like	0	0	0.27683802772324995	1.017184500404575	0	0	2.544279049363025	2.187793671075239	1.2814643228074796	0	2.1621981623549114	3.038539486438089	0	0	0.2012967547758719	0	0	0	0.6478456911636317	0.0933591103555087	0	0	0.10346146856887804	0.2948514243361952
MAG_1002_6;T3PKS	0	0	0	0	3.090189539996106	1.3447029290129802	0.26922341008499195	0	3.258688548600541	1.903313276228124	1.7331336757459659	2.5936675991145166	0	0	0	0	0	0	0	0	0	0	0	0
